seconds,time,air,beans,air_sp,power,power_sp,speed,coolfan_speed,stirrer_speed,pressure,pressure_fan_speed,pressure_sp,ror,ror_f,computed_air_ror,__filled,beans_clean,air_clean,beans_smooth,air_smooth
0.0,00:00,178.7,173.2,180,10,11,50,61,15616,99,19,100,1.4,26,-1.8,0,173.2,178.7,174.05225490196077,178.76725490196074
1.0,00:01,178.8,173.2,180,10,11,50,61,15616,96,19,100,5.5,99,1.9,0,173.2,178.8,172.9383893557423,178.86788515406164
2.0,00:02,178.8,172.3,180,10,11,50,61,15616,94,19,100,6.7,120,4.2,0,172.3,178.8,171.43695108812756,178.71048373195435
3.0,00:03,178.5,170.7,180,10,11,50,61,15616,94,19,100,2.2,40,4.3,0,170.7,178.5,169.5765977160095,178.30606119370833
4.0,00:04,177.9,167.4,180,10,11,50,61,15616,101,19,100,-8.1,-145,1.8,0,167.4,177.9,167.38598685628102,177.66562809739287
5.0,00:05,176.8,164.4,180,10,11,50,61,15616,103,19,100,-23.2,-417,-3.6,0,164.4,176.8,164.893776125835,176.8001950010774
6.0,00:06,175.3,160.9,180,11,11,50,61,15616,95,19,100,-42.0,-757,-11.6,0,160.9,175.3,162.1286231415644,175.72077246283135
7.0,00:07,173.6,157.2,180,11,11,50,61,15616,93,19,100,-62.4,-1123,-21.2,0,157.2,173.6,159.1191855203629,174.43837104072495
8.0,00:08,173.6,157.2,180,11,11,50,61,15616,93,19,100,-62.4,-1123,-21.2,0,157.2,173.6,155.76823529411854,172.9259728506797
9.0,00:09,171.7,153.3,180,11,11,50,61,15616,93,19,100,-80.2,-1444,-31.2,0,153.3,171.7,152.3101357466072,171.22208144796474
10.0,00:10,169.6,149.3,180,11,11,50,61,15616,94,20,100,-94.3,-1698,-40.8,0,149.3,169.6,148.78126696832663,169.3730316742091
11.0,00:11,167.4,145.3,180,11,11,50,61,15616,94,20,100,-105.2,-1893,-49.1,0,145.3,167.4,145.2217194570144,167.40352941176562
12.0,00:12,165.2,141.3,180,11,11,50,61,15616,94,20,100,-112.7,-2028,-55.6,0,141.3,165.2,141.52162895927682,165.34099547511403
13.0,00:13,163.0,137.4,180,11,11,50,61,15616,95,20,100,-117.1,-2107,-60.2,0,137.4,163.0,137.73855203619985,163.18425339366607
14.0,00:14,160.8,133.5,180,11,11,50,61,15616,96,20,100,-119.4,-2149,-63.2,0,133.5,160.8,133.84027149321344,160.96841628959368
15.0,00:15,158.6,129.8,180,11,11,50,61,15616,96,20,100,-120.1,-2161,-65.0,0,129.8,158.6,129.8173755656116,158.61864253393753
16.0,00:16,156.4,126.1,180,11,11,50,61,15616,96,20,100,-119.2,-2145,-65.8,0,126.1,156.4,126.17846153846224,156.40651583710493
17.0,00:17,154.2,122.6,180,11,11,50,61,15616,95,20,100,-117.2,-2110,-66.0,0,122.6,154.2,122.66805429864323,154.221809954752
18.0,00:18,152.1,119.3,180,11,11,50,61,15616,97,20,100,-114.7,-2064,-65.8,0,119.3,152.1,119.35565610859794,152.08479638009135
19.0,00:19,150.1,116.1,180,11,11,50,61,15616,98,20,100,-111.4,-2005,-65.1,0,116.1,150.1,116.14217194570199,150.01058823529493
20.0,00:20,148.2,113.0,180,11,11,50,61,15616,98,21,100,-107.5,-1935,-63.8,0,113.0,148.2,113.04977375565673,148.00090497737636
21.0,00:21,145.8,110.1,180,11,11,50,61,15616,98,21,100,-98.9,-1781,-63.3,0,110.1,145.8,110.0831674208151,146.07701357466144
22.0,00:22,144.1,107.3,180,11,11,50,61,15616,99,21,100,-94.3,-1697,-62.3,0,107.3,144.1,107.23547511312276,144.25203619909584
23.0,00:23,142.4,104.7,180,11,11,50,61,15616,99,21,100,-89.8,-1616,-60.9,0,104.7,142.4,104.53529411764764,142.5168325791863
24.0,00:24,140.9,102.3,180,11,11,50,61,15616,100,21,100,-85.3,-1535,-58.1,0,102.3,140.9,101.9648868778286,140.8800000000008
25.0,00:25,139.4,99.2,180,11,11,50,61,15616,99,21,100,-80.7,-1453,-55.5,0,99.2,139.4,99.54199095022679,139.33312217194648
26.0,00:26,137.9,97.1,180,11,11,50,61,15616,101,21,100,-76.4,-1375,-51.7,0,97.1,137.9,97.2657013574666,137.87755656108675
27.0,00:27,136.6,95.0,180,11,11,50,61,15616,101,21,100,-72.2,-1300,-48.3,0,95.0,136.6,95.13737556561139,136.52443438914105
28.0,00:28,135.3,93.1,180,11,11,50,61,15616,101,21,100,-68.0,-1225,-45.0,0,93.1,135.3,93.1609049773761,135.27466063348493
29.0,00:29,134.0,91.4,180,11,11,50,61,15616,99,21,100,-63.9,-1151,-43.0,0,91.4,134.0,91.33656108597336,134.0496832579193
30.0,00:30,132.9,89.7,180,11,11,50,61,15616,98,21,100,-60.2,-1083,-41.0,0,89.7,132.9,89.65484162895979,132.90162895927676
31.0,00:31,131.8,88.2,220,11,11,50,61,15616,99,21,100,-56.3,-1014,-38.9,0,88.2,131.8,88.11031674208195,131.82416289592834
32.0,00:32,130.8,86.7,220,11,11,50,61,15616,100,21,100,-52.7,-948,-36.7,0,86.7,130.8,86.72959276018148,130.82253393665232
33.0,00:33,129.9,85.4,220,11,11,50,61,15616,100,21,100,-49.1,-883,-34.5,0,85.4,129.9,85.38669683257967,129.90063348416362
34.0,00:34,129.0,84.2,220,11,11,50,61,15616,101,21,100,-45.8,-824,-32.3,0,84.2,129.0,84.14950226244392,129.0271493212677
35.0,00:35,128.2,83.0,220,11,11,50,61,15616,99,21,100,-42.5,-765,-30.1,0,83.0,128.2,83.0026244343896,128.2100452488695
36.0,00:36,127.5,81.9,220,11,11,50,61,15616,100,21,100,-39.5,-711,-28.0,0,81.9,127.5,81.94570135746653,127.44886877828125
37.0,00:37,126.8,80.9,220,11,11,50,61,15616,101,21,100,-36.6,-658,-26.0,0,80.9,126.8,80.96696832579231,126.73502262443509
38.0,00:38,126.1,80.1,220,11,11,50,61,15616,101,21,100,-33.9,-610,-24.2,0,80.1,126.1,80.05031674208189,126.07239819004596
39.0,00:39,125.5,79.2,220,11,11,50,61,15616,101,21,100,-31.3,-563,-22.5,0,79.2,125.5,79.20941176470632,125.46443438914096
40.0,00:40,124.8,78.5,220,11,11,50,61,15616,99,21,100,-28.8,-518,-21.4,0,78.5,124.8,78.43384615384659,124.90117647058892
41.0,00:41,124.3,77.8,220,11,11,50,61,15616,99,21,100,-26.4,-476,-20.1,0,77.8,124.3,77.72389140271537,124.38696832579255
42.0,00:42,123.9,77.1,220,11,11,50,61,15616,101,21,100,-24.2,-435,-18.9,0,77.1,123.9,77.08434389140314,123.90660633484232
43.0,00:43,123.5,76.4,220,11,11,50,61,15616,101,21,100,-22.2,-399,-17.3,0,76.4,123.5,76.4977375565615,123.4733031674215
44.0,00:44,123.1,75.9,220,11,11,50,61,15616,100,21,100,-20.2,-364,-15.8,0,75.9,123.1,75.9652488687787,123.08162895927671
45.0,00:45,122.8,75.5,220,11,11,50,61,15616,100,21,100,-18.4,-332,-14.1,0,75.5,122.8,75.47963800905019,122.72841628959344
46.0,00:46,122.4,75.1,220,11,11,50,61,15616,99,21,100,-16.6,-299,-12.6,0,75.1,122.4,75.06705882352983,122.39891402715
47.0,00:47,122.1,74.7,220,11,11,50,61,15616,101,21,100,-15.0,-270,-11.4,0,74.7,122.1,74.6923076923081,122.10063348416357
48.0,00:48,121.8,74.4,220,11,11,50,61,15616,100,21,100,-13.3,-240,-10.7,0,74.4,121.8,74.38153846153888,121.81565610859796
49.0,00:49,121.6,74.1,220,11,11,50,61,15616,100,21,100,-11.9,-214,-10.0,0,74.1,121.6,74.1275113122176,121.5553846153853
50.0,00:50,121.3,73.9,220,11,11,50,61,15616,101,21,100,-10.5,-189,-9.4,0,73.9,121.3,73.91049773755697,121.32733031674275
51.0,00:51,121.1,73.7,220,11,11,50,61,15616,100,20,100,-9.2,-165,-8.6,0,73.7,121.1,73.71828054298685,121.12923076923144
52.0,00:52,120.9,73.6,220,11,11,50,61,15616,101,20,100,-7.8,-141,-7.8,0,73.6,120.9,73.55294117647101,120.94904977375633
53.0,00:53,120.8,73.4,220,11,11,50,61,15616,101,20,100,-6.7,-120,-7.0,0,73.4,120.8,73.42470588235336,120.80588235294184
54.0,00:54,120.7,73.4,220,11,11,50,61,15616,100,20,100,-5.5,-100,-6.2,0,73.4,120.7,73.33927601809995,120.67520361991016
55.0,00:55,120.6,73.3,220,11,11,50,61,15616,100,20,100,-4.5,-80,-5.4,0,73.3,120.6,73.27782805429906,120.56361990950293
56.0,00:56,120.5,73.2,220,11,11,50,61,15616,100,20,100,-3.5,-63,-4.7,0,73.2,120.5,73.24470588235334,120.46796380090565
57.0,00:57,120.4,73.2,220,11,11,50,61,15616,99,20,100,-2.7,-48,-4.0,0,73.2,120.4,73.22651583710447,120.39619909502329
58.0,00:58,120.3,73.2,220,11,11,50,61,15616,100,20,100,-1.7,-31,-3.3,0,73.2,120.3,73.24009049773798,120.33357466063414
59.0,00:59,120.3,73.3,220,11,11,50,61,15616,101,20,100,-1.0,-18,-2.8,0,73.3,120.3,73.27158371040765,120.28352941176537
60.0,01:00,120.2,73.4,220,11,11,50,61,15616,102,20,100,-0.2,-3,-2.4,0,73.4,120.2,73.33828054298684,120.23357466063415
61.0,01:01,120.2,73.4,220,11,11,50,61,15616,100,20,100,0.5,9,-2.0,0,73.4,120.2,73.41384615384656,120.20325791855271
62.0,01:02,120.2,73.5,220,11,11,50,61,15616,99,20,100,1.2,21,-1.5,0,73.5,120.2,73.51692307692349,120.1832579185527
63.0,01:03,120.2,73.6,220,11,11,50,61,15616,101,20,100,1.9,33,-1.1,0,73.6,120.2,73.63638009049815,120.17628959276084
64.0,01:04,120.2,73.8,220,11,11,50,61,15616,100,20,100,2.4,44,-0.7,0,73.8,120.2,73.7654298642538,120.1832579185527
65.0,01:05,120.2,73.9,220,11,11,50,61,15616,100,20,100,2.9,52,-0.4,0,73.9,120.2,73.90841628959316,120.21031674208211
66.0,01:06,120.2,74.1,220,11,11,50,61,15616,101,20,100,3.4,62,-0.1,0,74.1,120.2,74.06081447963842,120.23475113122238
67.0,01:07,120.3,74.2,220,11,11,50,61,15616,100,20,100,3.9,70,0.1,0,74.2,120.3,74.22307692307733,120.2726696832586
68.0,01:08,120.3,74.4,220,11,11,50,61,15616,99,20,100,4.1,74,0.4,0,74.4,120.3,74.40769230769271,120.31746606334909
69.0,01:09,120.4,74.6,220,11,11,50,61,15616,101,20,100,4.6,83,0.7,0,74.6,120.4,74.59855203619952,120.38072398190113
70.0,01:10,120.5,74.8,220,11,11,50,61,15616,99,20,100,4.9,89,1.1,0,74.8,120.5,74.79158371040766,120.45809954751198
71.0,01:11,120.6,75.0,220,90,90,50,61,15616,99,20,100,5.3,95,1.5,0,75.0,120.6,74.98769230769273,120.55638009049841
72.0,01:12,120.6,75.2,220,90,90,50,61,15616,99,20,100,5.6,100,1.9,0,75.2,120.6,75.20687782805473,120.66552036199163
73.0,01:13,120.8,75.4,220,90,90,50,61,15616,101,20,100,5.9,107,2.3,0,75.4,120.8,75.4273303167425,120.80570135746675
74.0,01:14,121.0,75.7,220,90,90,50,61,15616,101,20,100,6.1,110,2.8,0,75.7,121.0,75.66018099547554,120.97963800905043
75.0,01:15,121.2,75.9,220,90,90,50,61,15616,100,20,100,6.4,115,3.5,0,75.9,121.2,75.89475113122215,121.20027149321335
76.0,01:16,121.4,76.1,220,90,90,50,61,15616,100,20,100,6.7,120,4.3,0,76.1,121.4,76.13945701357508,121.45692307692374
77.0,01:17,121.7,76.4,220,90,90,50,61,15616,100,20,100,6.9,124,5.3,0,76.4,121.7,76.39475113122214,121.74914027149387
78.0,01:18,122.0,76.7,220,90,90,50,61,15616,100,20,100,7.2,129,6.3,0,76.7,122.0,76.65312217194614,122.08669683257988
79.0,01:19,122.5,76.9,220,90,90,50,61,15616,100,20,100,7.4,133,7.7,0,76.9,122.5,76.92615384615428,122.46280542986494
80.0,01:20,122.9,77.2,220,90,90,50,61,15616,100,20,100,7.6,137,8.9,0,77.2,122.9,77.2106787330321,122.84705882353009
81.0,01:21,123.3,77.5,220,90,90,50,61,15616,99,20,100,7.8,140,10.2,0,77.5,123.3,77.50262443438957,123.26018099547579
82.0,01:22,123.7,77.8,220,90,90,50,61,15616,100,20,100,8.1,145,11.1,0,77.8,123.7,77.8038009049778,123.70018099547579
83.0,01:23,124.1,78.1,220,90,90,50,61,15616,99,20,100,8.2,148,11.9,0,78.1,124.1,78.11511312217237,124.14325791855272
84.0,01:24,124.6,78.4,220,90,90,50,61,15616,100,20,100,8.4,151,12.4,0,78.4,124.6,78.42977375565654,124.57764705882423
85.0,01:25,125.0,78.8,220,90,90,50,61,15616,100,20,100,8.6,156,12.6,0,78.8,125.0,78.74687782805474,125.01067873303236
86.0,01:26,125.4,79.1,220,90,90,50,61,15616,101,20,100,8.8,159,12.8,0,79.1,125.4,79.07140271493256,125.42171945701426
87.0,01:27,125.9,79.4,220,90,90,50,61,15616,101,20,100,9.0,162,12.9,0,79.4,125.9,79.40063348416334,125.83782805429935
88.0,01:28,126.3,79.7,220,90,90,50,61,15616,101,20,100,9.2,166,12.9,0,79.7,126.3,79.73095022624479,126.23900452488758
89.0,01:29,126.6,80.1,220,90,90,50,61,15616,100,20,100,9.6,172,12.8,0,80.1,126.6,80.07167420814525,126.62615384615457
90.0,01:30,127.0,80.4,220,90,90,50,61,15616,100,20,100,9.8,177,12.5,0,80.4,127.0,80.41122171945746,127.00018099547583
91.0,01:31,127.4,80.7,220,90,90,50,61,15616,99,20,100,10.0,180,12.1,0,80.7,127.4,80.7509502262448,127.36199095022695
92.0,01:32,127.7,81.1,220,90,90,50,61,15616,99,20,100,10.2,184,11.6,0,81.1,127.7,81.09837104072443,127.71927601810025
93.0,01:33,128.1,81.5,220,90,90,50,61,15616,100,20,100,10.4,187,11.2,0,81.5,128.1,81.45393665158416,128.07266968325865
94.0,01:34,128.4,81.8,220,90,90,50,61,15616,100,20,100,10.5,189,10.9,0,81.8,128.4,81.81104072398234,128.43601809954822
95.0,01:35,128.8,82.2,220,90,90,50,61,15616,100,20,100,10.6,191,10.8,0,82.2,128.8,82.16217194570181,128.8231674208152
96.0,01:36,129.2,82.5,220,90,90,50,61,15616,101,20,100,10.7,192,10.8,0,82.5,129.2,82.5259728506792,129.2350226244351
97.0,01:37,129.6,82.9,220,90,90,50,61,15616,101,20,100,10.8,195,10.9,0,82.9,129.6,82.90018099547558,129.6457013574668
98.0,01:38,130.0,83.3,220,90,90,50,61,15616,101,20,100,10.9,196,11.1,0,83.3,130.0,83.27547511312264,130.0631674208152
99.0,01:39,130.5,83.6,220,90,90,50,61,15616,100,20,100,10.9,196,11.7,0,83.6,130.5,83.6486877828059,130.49538461538532
100.0,01:40,131.0,84.0,220,90,90,50,61,15616,99,20,100,10.9,197,12.3,0,84.0,131.0,84.02959276018146,130.91647058823605
101.0,01:41,131.4,84.4,220,90,90,50,61,15616,99,20,100,11.0,198,12.9,0,84.4,131.4,84.42090497737604,131.34144796380164
102.0,01:42,131.8,84.9,220,90,90,50,61,15616,101,20,100,11.0,199,13.1,0,84.9,131.8,84.81855203619958,131.74443438914102
103.0,01:43,132.1,85.2,220,90,90,50,61,15616,100,20,100,11.2,202,13.1,0,85.2,132.1,85.21846153846201,132.1404524886885
104.0,01:44,132.5,85.6,220,90,90,50,61,15616,100,20,100,11.2,202,12.6,0,85.6,132.5,85.60950226244391,132.52452488687857
105.0,01:45,132.9,86.0,220,90,90,50,61,15616,100,20,100,11.3,204,12.0,0,86.0,132.9,86.00054298642581,132.89257918552113
106.0,01:46,133.2,86.4,220,90,90,50,61,15616,99,20,100,11.3,204,11.3,0,86.4,133.2,86.39339366515885,133.24850678733105
107.0,01:47,133.6,86.8,220,90,90,50,61,15616,100,20,100,11.4,206,11.1,0,86.8,133.6,86.7830769230774,133.5909502262451
108.0,01:48,133.9,87.2,220,90,90,50,61,15616,100,20,100,11.5,206,10.9,0,87.2,133.9,87.16461538461589,133.9342081447971
109.0,01:49,134.3,87.5,220,90,90,50,61,15616,100,20,100,11.6,208,10.8,0,87.5,134.3,87.53981900452538,134.2605429864261
110.0,01:50,134.6,87.9,220,90,90,50,61,15616,101,20,100,11.5,207,10.6,0,87.9,134.6,87.92434389140321,134.58108597285144
111.0,01:51,134.9,88.3,220,90,90,50,61,15616,101,20,100,11.6,209,10.4,0,88.3,134.9,88.30705882352991,134.88108597285142
112.0,01:52,135.2,88.7,220,90,90,50,61,15616,99,20,100,11.6,209,10.0,0,88.7,135.2,88.68389140271543,135.1605429864261
113.0,01:53,135.4,89.1,220,90,90,50,61,15616,99,20,100,11.6,208,9.5,0,89.1,135.4,89.05755656108647,135.42009049773833
114.0,01:54,135.7,89.4,220,90,90,50,61,15616,100,20,100,11.5,208,9.0,0,89.4,135.7,89.43076923076973,135.66742081448038
115.0,01:55,135.9,89.8,220,90,90,50,61,15616,99,20,100,11.6,208,8.4,0,89.8,135.9,89.8062443438919,135.91728506787405
116.0,01:56,136.2,90.2,220,90,90,50,61,15616,100,20,100,11.5,207,8.0,0,90.2,136.2,90.18669683257968,136.16443438914104
117.0,01:57,136.4,90.6,220,90,90,50,61,15616,100,20,100,11.5,207,7.8,0,90.6,136.4,90.55393665158421,136.41746606334917
118.0,01:58,136.6,90.9,220,90,90,50,61,15616,100,20,100,11.5,208,7.5,0,90.9,136.6,90.93683257918603,136.68497737556635
119.0,01:59,136.9,91.3,220,90,90,50,61,15616,100,20,100,11.5,206,7.4,0,91.3,136.9,91.32334841629009,136.96877828054375
120.0,02:00,137.3,91.7,220,90,90,50,61,15616,99,20,100,11.6,208,7.6,0,91.7,137.3,91.71529411764757,137.27067873303244
121.0,02:01,137.6,92.1,220,90,90,50,61,15616,99,20,100,11.6,209,8.0,0,92.1,137.6,92.11447963800956,137.57864253393743
122.0,02:02,137.9,92.5,220,90,90,50,61,15616,99,20,100,11.6,208,8.6,0,92.5,137.9,92.51592760181046,137.90063348416365
123.0,02:03,138.2,92.9,220,90,90,50,61,15616,100,20,100,11.6,209,9.0,0,92.9,138.2,92.91466063348469,138.22371040724056
124.0,02:04,138.6,93.4,220,90,90,50,61,15616,100,20,100,11.7,210,9.5,0,93.4,138.6,93.31248868778333,138.5478733031682
125.0,02:05,138.9,93.7,220,90,90,50,61,15616,99,20,100,11.6,209,9.7,0,93.7,138.9,93.71828054298695,138.8792760181003
126.0,02:06,139.2,94.1,220,90,90,50,61,15616,100,20,100,11.5,208,9.7,0,94.1,139.2,94.10705882352994,139.1963800904985
127.0,02:07,139.5,94.5,220,90,90,50,61,15616,102,20,100,11.5,206,9.4,0,94.5,139.5,94.49475113122224,139.50443438914104
128.0,02:08,139.8,94.9,220,90,90,50,61,15616,101,20,100,11.4,205,9.4,0,94.9,139.8,94.87022624434442,139.81547511312297
129.0,02:09,140.1,95.2,220,90,90,50,61,15616,101,20,100,11.3,203,9.4,0,95.2,140.1,95.26443438914079,140.1427149321275
130.0,02:10,140.4,95.6,220,90,90,50,61,15616,100,20,100,11.2,202,9.4,0,95.6,140.4,95.6071493212675,140.43230769230848
131.0,02:11,140.8,96.0,220,90,90,50,61,15616,100,20,100,11.2,201,9.4,0,96.0,140.8,95.97176470588289,140.7331221719465
132.0,02:12,141.0,96.3,220,90,90,50,61,15616,100,20,100,11.1,200,9.4,0,96.3,141.0,96.33104072398243,141.0201809954759
133.0,02:13,141.3,96.7,220,90,90,50,61,15616,101,20,100,11.1,199,9.4,0,96.7,141.3,96.6592760181001,141.29004524886957
134.0,02:14,141.6,97.0,220,90,90,50,61,15616,100,20,100,11.0,198,9.1,0,97.0,141.6,96.97873303167475,141.54633484162974
135.0,02:15,141.9,97.4,220,90,90,50,61,15616,100,20,100,10.9,196,8.9,0,97.4,141.9,97.28461538461593,141.7926696832587
136.0,02:16,141.9,97.4,220,90,90,50,61,15616,100,20,100,10.9,196,8.9,0,97.4,141.9,97.58597285067927,142.03266968325872
137.0,02:17,142.4,98.1,220,90,90,50,61,15616,99,20,100,10.8,195,8.5,0,98.1,142.4,97.88506787330371,142.26995475113202
138.0,02:18,142.4,98.1,220,90,90,50,61,15616,99,20,100,10.8,195,8.5,0,98.1,142.4,98.17710407239873,142.50814479638086
139.0,02:19,142.7,98.4,220,90,90,50,61,15616,101,20,100,10.7,193,8.3,0,98.4,142.7,98.49113122172,142.76470588235375
140.0,02:20,143.0,98.8,220,90,90,50,61,15616,101,20,100,10.6,191,8.2,0,98.8,143.0,98.81556561086026,143.02325791855282
141.0,02:21,143.3,99.1,220,90,90,50,61,15616,100,20,100,10.7,193,8.3,0,99.1,143.3,99.15266968325848,143.29447963800985
142.0,02:22,143.6,99.5,220,90,90,50,61,15616,100,20,100,10.7,192,8.4,0,99.5,143.6,99.5047058823535,143.58904977375647
143.0,02:23,143.9,99.9,220,90,90,50,61,15616,101,20,100,10.5,190,8.7,0,99.9,143.9,99.87393665158427,143.90470588235374
144.0,02:24,144.2,100.2,220,90,90,50,61,15616,101,20,100,10.6,191,8.9,0,100.2,144.2,100.22108597285124,144.19855203619989
145.0,02:25,144.5,100.7,220,90,90,50,61,15616,101,20,100,10.7,193,9.2,0,100.7,144.5,100.61547511312273,144.50923076923158
146.0,02:26,144.8,101.0,220,90,90,50,61,15616,101,19,100,10.6,190,9.3,0,101.0,144.8,100.97665158371098,144.7935746606343
147.0,02:27,145.1,101.3,220,90,90,50,61,15616,101,19,100,10.6,190,9.3,0,101.3,145.1,101.33239819004581,145.07665158371123
148.0,02:28,145.4,101.7,220,90,90,50,61,15616,100,19,100,10.6,191,9.0,0,101.7,145.4,101.68226244343948,145.34325791855284
149.0,02:29,145.6,102.0,220,90,90,50,61,15616,99,19,100,10.4,188,8.8,0,102.0,145.6,102.02579185520419,145.5929411764714
150.0,02:30,145.8,102.4,220,90,90,50,61,15616,99,19,100,10.4,187,8.3,0,102.4,145.8,102.36959276018156,145.82615384615465
151.0,02:31,146.0,102.7,220,90,90,50,61,15616,100,19,100,10.3,185,7.8,0,102.7,146.0,102.70705882352999,146.04425339366597
152.0,02:32,146.3,103.0,220,90,90,50,61,15616,99,19,100,10.3,185,7.2,0,103.0,146.3,103.03864253393724,146.24950226244425
153.0,02:33,146.5,103.4,220,90,90,50,61,15616,100,19,100,10.3,185,6.8,0,103.4,146.5,103.38570135746664,146.4521266968334
154.0,02:34,146.6,103.7,220,90,90,50,61,15616,100,19,100,10.3,185,6.4,0,103.7,146.6,103.72253393665216,146.64325791855288
155.0,02:35,146.8,104.1,220,90,90,50,61,15616,101,19,100,10.3,186,6.1,0,104.1,146.8,104.05755656108656,146.82877828054382
156.0,02:36,147.0,104.4,220,90,90,50,61,15616,100,19,100,10.4,187,5.9,0,104.4,147.0,104.39212669683316,147.02253393665242
157.0,02:37,147.2,104.7,220,90,90,50,61,15616,101,19,100,10.3,185,5.7,0,104.7,147.2,104.72760180995535,147.1983710407248
158.0,02:38,147.4,105.1,220,90,90,50,61,15616,99,19,100,10.3,185,5.6,0,105.1,147.4,105.06533936651643,147.37104072398273
159.0,02:39,147.6,105.4,220,90,90,50,61,15616,99,19,100,10.2,184,5.5,0,105.4,147.6,105.40669683257977,147.54144796380172
160.0,02:40,147.7,105.7,220,90,90,50,61,15616,99,20,100,10.1,181,5.5,0,105.7,147.7,105.746244343892,147.72434389140352
161.0,02:41,147.9,106.1,220,90,90,50,61,15616,100,20,100,9.9,179,5.5,0,106.1,147.9,106.09239819004583,147.91447963800985
162.0,02:42,148.1,106.4,220,90,90,50,61,15616,100,20,100,10.0,179,5.4,0,106.4,148.1,106.43357466063406,148.0998190045257
163.0,02:43,148.2,106.8,220,90,90,50,61,15616,100,20,100,9.9,178,5.4,0,106.8,148.2,106.77909502262503,148.28832579185604
164.0,02:44,148.5,107.1,220,90,90,50,61,15616,102,20,100,9.8,176,5.4,0,107.1,148.5,107.11828054298702,148.48090497737638
165.0,02:45,148.7,107.5,220,90,90,50,61,15616,101,19,100,9.7,175,5.4,0,107.5,148.7,107.4475113122178,148.67846153846236
166.0,02:46,148.9,107.8,220,90,90,50,61,15616,101,19,100,9.8,176,5.6,0,107.8,148.9,107.76995475113182,148.8819004524895
167.0,02:47,149.1,108.1,220,90,90,50,61,15616,99,19,100,9.8,176,5.7,0,108.1,149.1,108.08877828054358,149.09212669683342
168.0,02:48,149.3,108.4,220,90,90,50,61,15616,99,19,100,9.7,175,6.0,0,108.4,149.3,108.40036199095084,149.29619909502347
169.0,02:49,149.5,108.7,220,90,90,50,61,15616,100,19,100,9.6,173,6.1,0,108.7,149.5,108.71493212669743,149.50117647058906
170.0,02:50,149.7,109.0,220,90,90,50,61,15616,99,20,100,9.6,173,6.3,0,109.0,149.7,109.0227149321273,149.70705882353022
171.0,02:51,149.9,109.3,220,90,90,50,61,15616,98,20,100,9.6,172,6.3,0,109.3,149.9,109.33484162895988,149.90000000000083
172.0,02:52,150.1,109.6,220,90,90,50,61,15616,100,20,100,9.4,170,6.2,0,109.6,150.1,109.64244343891463,150.10000000000088
173.0,02:53,150.3,110.0,220,90,90,50,61,15616,101,20,100,9.4,169,6.1,0,110.0,150.3,109.95755656108659,150.30000000000086
174.0,02:54,150.5,110.3,220,90,90,50,61,15616,101,20,100,9.4,170,6.0,0,110.3,150.5,110.27927601810016,150.50000000000085
175.0,02:55,150.7,110.6,220,90,90,50,61,15616,100,19,100,9.4,169,5.9,0,110.6,150.7,110.58669683257979,150.70000000000084
176.0,02:56,150.9,110.9,220,90,90,50,61,15616,100,19,100,9.3,167,5.8,0,110.9,150.9,110.8927601809961,150.90000000000083
177.0,02:57,151.1,111.2,220,90,90,50,61,15616,100,19,100,9.3,167,5.8,0,111.2,151.1,111.19656108597347,151.10000000000085
178.0,02:58,151.3,111.5,220,90,90,50,61,15616,99,19,100,9.2,166,6.0,0,111.5,151.3,111.49719457013637,151.30000000000086
179.0,02:59,151.5,111.8,220,90,90,50,61,15616,100,20,100,9.1,164,6.1,0,111.8,151.5,111.79375565610923,151.50000000000085
180.0,03:00,151.7,112.1,220,90,90,50,61,15616,100,20,100,9.0,163,6.2,0,112.1,151.7,112.08533936651645,151.70705882353025
181.0,03:01,151.9,112.3,220,90,90,50,61,15616,101,19,100,9.0,163,6.2,0,112.3,151.9,112.38488687782868,151.90117647058906
182.0,03:02,152.1,112.7,220,90,90,50,61,15616,101,19,100,8.9,161,6.2,0,112.7,152.1,112.68533936651647,152.09619909502348
183.0,03:03,152.3,113.0,220,90,90,50,61,15616,100,19,100,9.0,161,6.1,0,113.0,152.3,112.98669683257981,152.29918552036284
184.0,03:04,152.5,113.3,220,90,90,50,61,15616,101,19,100,8.9,161,5.9,0,113.3,152.5,113.28895927601872,152.4971945701366
185.0,03:05,152.7,113.6,220,90,90,50,61,15616,99,19,100,8.9,161,5.8,0,113.6,152.7,113.59212669683319,152.6911312217203
186.0,03:06,152.9,113.9,220,90,90,50,61,15616,100,19,100,8.9,160,5.8,0,113.9,152.9,113.89619909502326,152.88190045248953
187.0,03:07,153.0,114.2,220,90,90,50,61,15616,99,19,100,9.0,162,5.8,0,114.2,153.0,114.20823529411828,153.07040723981987
188.0,03:08,153.3,114.5,220,90,90,50,61,15616,99,19,100,8.9,160,5.8,0,114.5,153.3,114.5152941176477,153.25755656108683
189.0,03:09,153.5,114.8,220,90,90,50,61,15616,99,20,100,8.9,160,5.8,0,114.8,153.5,114.80443438914092,153.4513122171954
190.0,03:10,153.6,115.1,220,90,90,50,61,15616,100,20,100,8.9,160,5.8,0,115.1,153.6,115.09656108597349,153.63963800905063
191.0,03:11,153.8,115.4,220,90,90,50,61,15616,100,20,100,8.9,160,5.8,0,115.4,153.8,115.3855203619916,153.8243438914036
192.0,03:12,154.0,115.7,220,90,90,50,61,15616,102,20,100,8.8,158,5.8,0,115.7,154.0,115.6722171945708,154.01429864253478
193.0,03:13,154.2,116.0,220,90,90,50,61,15616,101,19,100,8.9,159,5.8,0,116.0,154.2,115.9575565610866,154.19131221719542
194.0,03:14,154.4,116.2,220,90,90,50,61,15616,100,19,100,8.8,158,5.7,0,116.2,154.4,116.24244343891468,154.37809954751216
195.0,03:15,154.6,116.5,220,90,90,50,61,15616,100,19,100,8.8,158,5.7,0,116.5,154.6,116.53484162895992,154.5496832579194
196.0,03:16,154.7,116.8,220,90,90,50,61,15616,100,19,100,8.7,157,5.5,0,116.8,154.7,116.82271493212735,154.72877828054385
197.0,03:17,154.9,117.1,220,90,90,50,61,15616,100,19,100,8.7,157,5.5,0,117.1,154.9,117.10081447963866,154.91104072398275
198.0,03:18,155.1,117.4,220,90,90,50,61,15616,101,19,100,8.6,155,5.4,0,117.4,155.1,117.390950226245,155.08533936651668
199.0,03:19,155.2,117.7,220,90,90,50,61,15616,100,19,100,8.6,155,5.3,0,117.7,155.2,117.68108597285135,155.2605429864262
200.0,03:20,155.5,118.0,220,90,90,50,61,15616,100,19,100,8.6,155,5.3,0,118.0,155.5,117.9730316742088,155.4384615384624
201.0,03:21,155.6,118.3,220,90,90,50,61,15616,100,19,100,8.6,154,5.3,0,118.3,155.6,118.27565610859794,155.62796380090583
202.0,03:22,155.8,118.5,220,90,90,50,61,15616,100,19,100,8.6,154,5.4,0,118.5,155.8,118.56398190045314,155.81791855203707
203.0,03:23,156.0,118.8,220,90,90,50,61,15616,101,19,100,8.6,154,5.4,0,118.8,156.0,118.84687782805497,156.01104072398277
204.0,03:24,156.2,119.2,220,90,90,50,61,15616,100,19,100,8.5,153,5.5,0,119.2,156.2,119.13321266968391,156.19619909502347
205.0,03:25,156.4,119.4,220,90,90,50,61,15616,99,19,100,8.4,152,5.5,0,119.4,156.4,119.41185520362058,156.3822624434398
206.0,03:26,156.6,119.7,220,90,90,50,61,15616,99,19,100,8.4,150,5.6,0,119.7,156.6,119.68552036199162,156.5710407239828
207.0,03:27,156.8,120.0,220,90,90,50,61,15616,99,19,100,8.3,149,5.5,0,120.0,156.8,119.95692307692374,156.75049773755745
208.0,03:28,156.9,120.2,220,90,90,50,61,15616,99,20,100,8.2,148,5.6,0,120.2,156.9,120.23583710407306,156.9424434389149
209.0,03:29,157.1,120.5,220,90,90,50,61,15616,101,20,100,8.2,148,5.5,0,120.5,157.1,120.5120361990957,157.12778280543074
210.0,03:30,157.3,120.8,220,90,90,50,61,15616,101,19,100,8.3,149,5.5,0,120.8,157.3,120.77529411764773,157.31447963800994
211.0,03:31,157.5,121.0,220,90,90,50,61,15616,100,19,100,8.2,147,5.5,0,121.0,157.5,121.0424434389147,157.50343891402804
212.0,03:32,157.7,121.3,220,90,90,50,61,15616,100,19,100,8.1,146,5.5,0,121.3,157.7,121.31710407239885,157.6955656108606
213.0,03:33,157.9,121.6,220,90,90,50,61,15616,100,19,100,8.2,148,5.6,0,121.6,157.9,121.58289592760248,157.89176470588325
214.0,03:34,158.1,121.9,220,90,90,50,61,15616,99,19,100,8.2,147,5.8,0,121.9,158.1,121.85755656108664,158.09294117647147
215.0,03:35,158.3,122.1,220,90,90,50,61,15616,101,19,100,8.0,145,5.8,0,122.1,158.3,122.13176470588303,158.3000000000009
216.0,03:36,158.5,122.4,220,90,90,50,61,15616,100,19,100,8.1,146,5.9,0,122.4,158.5,122.39619909502329,158.50000000000088
217.0,03:37,158.7,122.7,220,90,90,50,61,15616,99,19,100,8.2,148,5.9,0,122.7,158.7,122.66153846153915,158.70000000000087
218.0,03:38,158.9,122.9,220,90,90,50,61,15616,99,20,100,8.0,145,5.9,0,122.9,158.9,122.93846153846224,158.90000000000086
219.0,03:39,159.1,123.2,220,90,90,50,61,15616,100,20,100,8.0,145,5.8,0,123.2,159.1,123.20380090497807,159.1000000000009
220.0,03:40,159.3,123.5,220,90,90,50,61,15616,100,19,100,8.2,148,6.0,0,123.5,159.3,123.47529411764775,159.3000000000009
221.0,03:41,159.5,123.7,220,90,90,50,61,15616,100,19,100,8.1,147,6.1,0,123.7,159.5,123.74361990950294,159.50000000000088
222.0,03:42,159.7,124.0,220,90,90,50,61,15616,100,19,100,8.0,145,6.2,0,124.0,159.7,124.0133031674215,159.70000000000087
223.0,03:43,159.9,124.3,220,90,90,50,61,15616,100,19,100,8.0,145,6.2,0,124.3,159.9,124.28208144796449,159.9000000000009
224.0,03:44,160.1,124.6,220,90,90,50,61,15616,99,20,100,7.9,142,6.2,0,124.6,160.1,124.54769230769301,160.10000000000088
225.0,03:45,160.3,124.8,220,90,90,50,61,15616,100,20,100,7.7,138,6.1,0,124.8,160.3,124.82171945701427,160.30000000000092
226.0,03:46,160.5,125.1,220,90,90,50,61,15616,100,20,100,7.7,138,5.8,0,125.1,160.5,125.08895927601878,160.5000000000009
227.0,03:47,160.7,125.3,220,90,90,50,61,15616,100,20,100,7.7,138,5.7,0,125.3,160.7,125.34805429864323,160.7000000000009
228.0,03:48,160.9,125.6,220,90,90,50,61,15616,99,20,100,7.7,138,5.8,0,125.6,160.9,125.61149321267038,160.9000000000009
229.0,03:49,161.1,125.9,220,90,90,50,61,15616,100,20,100,7.8,141,6.0,0,125.9,161.1,125.85791855203689,161.1000000000009
230.0,03:50,161.3,126.1,220,90,90,50,61,15616,101,20,100,7.9,142,6.1,0,126.1,161.3,126.10687782805502,161.30000000000092
231.0,03:51,161.5,126.4,220,90,90,50,61,15616,100,20,100,7.8,140,6.2,0,126.4,161.5,126.35085972850749,161.5000000000009
232.0,03:52,161.7,126.6,220,90,90,50,61,15616,101,20,100,7.7,138,6.2,0,126.6,161.7,126.60325791855273,161.7000000000009
233.0,03:53,161.9,126.8,220,90,90,50,61,15616,99,20,100,7.7,138,6.2,0,126.8,161.9,126.84361990950296,161.9000000000009
234.0,03:54,162.1,127.1,220,90,90,50,61,15616,99,20,100,7.5,136,6.2,0,127.1,162.1,127.09239819004597,162.1000000000009
235.0,03:55,162.3,127.3,220,90,90,50,61,15616,99,20,100,7.5,135,6.1,0,127.3,162.3,127.32914027149391,162.29294117647152
236.0,03:56,162.5,127.6,220,90,90,50,61,15616,99,20,100,7.5,135,6.1,0,127.6,162.5,127.57429864253466,162.49176470588327
237.0,03:57,162.7,127.8,220,90,90,50,61,15616,99,20,100,7.5,135,6.0,0,127.8,162.7,127.82832579185592,162.69556561086063
238.0,03:58,162.9,128.1,220,90,90,50,61,15616,100,20,100,7.4,133,6.0,0,128.1,162.9,128.0716742081455,162.89638009049864
239.0,03:59,163.1,128.3,220,90,90,50,61,15616,100,20,100,7.5,135,5.9,0,128.3,163.1,128.31864253393738,163.1062443438923
240.0,04:00,163.3,128.6,220,90,90,50,61,15616,100,20,100,7.4,132,5.8,0,128.6,163.3,128.56968325791928,163.3162895927611
241.0,04:01,163.5,128.8,220,90,90,50,61,15616,100,20,100,7.4,134,5.9,0,128.8,163.5,128.81846153846226,163.53058823529503
242.0,04:02,163.8,129.1,220,90,90,50,61,15616,100,20,100,7.4,133,6.1,0,129.1,163.8,129.06542986425413,163.75936651583802
243.0,04:03,164.0,129.3,220,90,90,50,61,15616,100,20,100,7.4,134,6.4,0,129.3,164.0,129.31104072398261,163.9919457013584
244.0,04:04,164.2,129.5,220,90,90,50,61,15616,100,20,100,7.3,132,6.6,0,129.5,164.2,129.562805429865,164.23764705882445
245.0,04:05,164.5,129.8,220,90,90,50,61,15616,99,20,100,7.3,132,7.0,0,129.8,164.5,129.80117647058898,164.48488687782896
246.0,04:06,164.7,130.1,220,90,90,50,61,15616,100,20,100,7.2,130,7.2,0,130.1,164.7,130.04751131221792,164.74208144796472
247.0,04:07,165.0,130.3,220,90,90,50,61,15616,100,20,100,7.3,131,7.4,0,130.3,165.0,130.28932126696907,164.99674208144887
248.0,04:08,165.3,130.5,220,90,90,50,61,15616,100,20,100,7.2,129,7.5,0,130.5,165.3,130.5279638009057,165.25638009049868
249.0,04:09,165.5,130.8,220,90,90,50,61,15616,100,20,100,7.1,128,7.6,0,130.8,165.5,130.76479638009124,165.50760180995567
250.0,04:10,165.8,131.0,220,90,90,50,61,15616,99,20,100,7.1,127,7.6,0,131.0,165.8,131.00823529411838,165.7708597285077
251.0,04:11,166.0,131.2,220,90,90,50,61,15616,100,20,100,7.0,126,7.6,0,131.2,166.0,131.2396380090505,166.0327601809964
252.0,04:12,166.3,131.5,220,90,90,50,61,15616,100,20,100,7.0,126,7.6,0,131.5,166.3,131.46742081448036,166.27990950226337
253.0,04:13,166.5,131.7,220,90,90,50,61,15616,100,20,100,7.0,126,7.6,0,131.7,166.5,131.70000000000073,166.5327601809964
254.0,04:14,166.8,131.9,220,90,90,50,61,15616,100,20,100,7.1,127,7.5,0,131.9,166.8,131.9396380090505,166.77085972850773
255.0,04:15,167.0,132.2,220,90,90,50,61,15616,100,20,100,7.1,127,7.4,0,132.2,167.0,132.16859728506859,167.0076018099557
256.0,04:16,167.3,132.4,220,90,90,50,61,15616,100,20,100,7.1,127,7.4,0,132.4,167.3,132.39619909502335,167.25638009049865
257.0,04:17,167.5,132.6,220,90,90,50,61,15616,101,20,100,7.0,125,7.4,0,132.6,167.5,132.63176470588309,167.5038009049783
258.0,04:18,167.7,132.9,220,90,90,50,61,15616,102,20,100,6.9,125,7.4,0,132.9,167.7,132.86461538461612,167.75737556561177
259.0,04:19,168.0,133.1,220,90,90,50,61,15616,102,20,100,6.8,123,7.4,0,133.1,168.0,133.08407239819078,168.00461538461633
260.0,04:20,168.2,133.3,220,90,90,50,61,15616,101,20,100,6.8,123,7.5,0,133.3,168.2,133.31330316742157,168.25393665158464
261.0,04:21,168.5,133.5,220,90,90,50,61,15616,101,20,100,6.8,122,7.5,0,133.5,168.5,133.54162895927678,168.49375565610953
262.0,04:22,168.8,133.8,220,90,90,50,61,15616,100,20,100,6.8,123,7.5,0,133.8,168.8,133.76542986425414,168.73339366515933
263.0,04:23,169.0,134.0,220,90,90,50,61,15616,100,20,100,6.8,122,7.5,0,134.0,169.0,133.99493212669756,168.96217194570227
264.0,04:24,169.2,134.2,220,90,90,50,61,15616,99,20,100,6.8,122,7.4,0,134.2,169.2,134.22036199095095,169.1973755656118
265.0,04:25,169.4,134.4,220,90,90,50,61,15616,98,20,100,6.8,122,7.1,0,134.4,169.4,134.43194570135822,169.4162895927611
266.0,04:26,169.6,134.7,220,90,90,50,61,15616,100,20,100,6.7,121,6.9,0,134.7,169.6,134.65375565610935,169.61710407239912
267.0,04:27,169.8,134.9,220,90,90,50,61,15616,100,20,100,6.6,120,6.7,0,134.9,169.8,134.87601809954828,169.81185520362087
268.0,04:28,170.0,135.1,220,90,90,50,61,15616,101,20,100,6.6,119,6.4,0,135.1,170.0,135.1101357466071,170.00669683258013
269.0,04:29,170.2,135.3,220,90,90,50,61,15616,101,20,100,6.7,120,6.1,0,135.3,170.2,135.32751131221795,170.19574660633577
270.0,04:30,170.4,135.5,220,90,90,50,61,15616,102,20,100,6.6,119,6.0,0,135.5,170.4,135.54108597285142,170.37466063348512
271.0,04:31,170.5,135.7,220,90,90,50,61,15616,101,20,100,6.6,118,5.8,0,135.7,170.5,135.74380090497812,170.54000000000096
272.0,04:32,170.7,136.0,220,90,90,50,61,15616,101,19,100,6.5,118,5.7,0,136.0,170.7,135.93565610859804,170.70244343891494
273.0,04:33,170.9,136.2,220,90,90,50,61,15616,100,19,100,6.5,117,5.5,0,136.2,170.9,136.11665158371116,170.85266968325885
274.0,04:34,171.1,136.4,220,90,90,50,61,15616,101,19,100,6.4,115,5.4,0,136.4,171.1,136.30063348416365,171.00226244343986
275.0,04:35,171.1,136.4,220,90,90,50,61,15616,101,19,100,6.4,115,5.4,0,136.4,171.1,136.47438914027225,171.14280542986518
276.0,04:36,171.2,136.6,220,90,90,50,61,15616,100,19,100,6.4,115,5.3,0,136.6,171.2,136.65176470588312,171.27972850678827
277.0,04:37,171.4,136.8,220,90,90,50,61,15616,100,19,100,6.4,114,5.2,0,136.8,171.4,136.83276018099625,171.4255203619919
278.0,04:38,171.6,137.0,220,90,90,50,61,15616,100,19,100,6.3,114,5.1,0,137.0,171.6,137.01737556561164,171.57266968325888
279.0,04:39,171.7,137.2,220,90,90,50,61,15616,100,19,100,6.3,114,5.1,0,137.2,171.7,137.20561085972926,171.72072398190141
280.0,04:40,171.9,137.4,220,90,90,50,61,15616,100,19,100,6.3,113,5.0,0,137.4,171.9,137.41131221719533,171.8762895927611
281.0,04:41,172.0,137.6,220,90,90,50,61,15616,100,19,100,6.3,113,5.0,0,137.6,172.0,137.62832579185596,172.03276018099643
282.0,04:42,172.2,137.9,220,90,90,50,61,15616,100,19,100,6.3,114,4.9,0,137.9,172.2,137.85755656108674,172.20443438914123
283.0,04:43,172.4,138.1,220,90,90,50,61,15616,99,19,100,6.3,114,4.8,0,138.1,172.4,138.07221719457092,172.36497737556658
284.0,04:44,172.5,138.3,220,90,90,50,61,15616,99,19,100,6.3,113,4.7,0,138.3,172.5,138.28552036199173,172.51511312217292
285.0,04:45,172.7,138.5,220,90,90,50,61,15616,100,20,100,6.3,113,4.6,0,138.5,172.7,138.4965610859736,172.65529411764803
286.0,04:46,172.8,138.7,220,90,90,50,61,15616,99,20,100,6.3,113,4.6,0,138.7,172.8,138.70443438914103,172.79981900452586
287.0,04:47,172.9,138.9,220,90,90,50,61,15616,99,20,100,6.2,112,4.6,0,138.9,172.9,138.9082352941184,172.9361990950236
288.0,04:48,173.1,139.1,220,90,90,50,61,15616,101,20,100,6.1,110,4.4,0,139.1,173.1,139.1070588235302,173.072850678734
289.0,04:49,173.2,139.3,220,90,90,50,61,15616,102,20,100,6.2,112,4.3,0,139.3,173.2,139.30000000000078,173.1911312217204
290.0,04:50,173.3,139.5,220,90,90,50,61,15616,101,19,100,6.1,110,4.2,0,139.5,173.3,139.50000000000077,173.3133031674218
291.0,04:51,173.4,139.7,220,90,90,50,61,15616,100,19,100,6.2,111,4.0,0,139.7,173.4,139.70000000000078,173.44162895927698
292.0,04:52,173.6,139.9,220,90,90,50,61,15616,100,19,100,6.1,110,3.9,0,139.9,173.6,139.90000000000077,173.55837104072495
293.0,04:53,173.7,140.1,220,90,90,50,61,15616,100,19,100,6.1,109,3.7,0,140.1,173.7,140.1000000000008,173.68669683258017
294.0,04:54,173.8,140.3,220,90,90,50,61,15616,99,20,100,6.0,108,3.6,0,140.3,173.8,140.3000000000008,173.80886877828152
295.0,04:55,173.9,140.5,220,90,90,50,61,15616,100,20,100,5.9,106,3.6,0,140.5,173.9,140.5000000000008,173.93420814479734
296.0,04:56,174.1,140.7,220,90,90,50,61,15616,100,20,100,5.8,105,3.6,0,140.7,174.1,140.70000000000078,174.0649773755666
297.0,04:57,174.2,140.9,220,90,90,50,61,15616,101,19,100,5.8,105,3.6,0,140.9,174.2,140.90000000000077,174.1963800904987
298.0,04:58,174.3,141.1,220,90,90,50,61,15616,102,19,100,5.8,105,3.7,0,141.1,174.3,141.1070588235302,174.33683257918648
299.0,04:59,174.5,141.3,220,90,90,50,61,15616,101,19,100,5.8,104,3.9,0,141.3,174.5,141.30823529411845,174.47384615384712
300.0,05:00,174.6,141.5,220,90,90,50,61,15616,101,19,100,5.8,104,4.0,0,141.5,174.6,141.50443438914107,174.62171945701454
301.0,05:01,174.8,141.7,220,90,90,50,61,15616,100,19,100,5.8,104,4.2,0,141.7,174.8,141.68950226244422,174.77384615384713
302.0,05:02,174.9,141.9,220,90,90,50,61,15616,99,19,100,5.8,104,4.3,0,141.9,174.9,141.87728506787408,174.93683257918647
303.0,05:03,175.1,142.1,220,90,90,50,61,15616,99,19,100,5.8,104,4.4,0,142.1,175.1,142.0748416289601,175.0963800904987
304.0,05:04,175.3,142.3,220,90,90,50,61,15616,99,19,100,5.8,104,4.6,0,142.3,175.3,142.26923076923157,175.26497737556662
305.0,05:05,175.4,142.4,220,90,90,50,61,15616,100,19,100,5.9,106,4.8,0,142.4,175.4,142.46135746606413,175.44126696832677
306.0,05:06,175.6,142.6,220,90,90,50,61,15616,100,19,100,5.9,107,5.0,0,142.6,175.6,142.65212669683336,175.61004524886977
307.0,05:07,175.8,142.8,220,90,90,50,61,15616,100,19,100,5.9,106,5.1,0,142.8,175.8,142.84244343891484,175.7899547511322
308.0,05:08,176.0,143.1,220,90,90,50,61,15616,100,19,100,5.9,106,5.2,0,143.1,176.0,143.03321266968405,175.95873303167517
309.0,05:09,176.1,143.3,220,90,90,50,61,15616,101,19,100,5.8,105,5.2,0,143.3,176.1,143.23239819004604,176.13502262443535
310.0,05:10,176.3,143.4,220,90,90,50,61,15616,101,19,100,5.8,104,5.1,0,143.4,176.3,143.42796380090576,176.30361990950325
311.0,05:11,176.5,143.6,220,90,90,50,61,15616,99,19,100,5.6,101,5.1,0,143.6,176.5,143.62171945701436,176.46316742081547
312.0,05:12,176.6,143.8,220,90,90,50,61,15616,100,19,100,5.7,102,5.1,0,143.8,176.6,143.815475113123,176.62615384615486
313.0,05:13,176.8,144.0,220,90,90,50,61,15616,99,19,100,5.6,101,5.0,0,144.0,176.8,143.99719457013654,176.77828054298743
314.0,05:14,176.9,144.2,220,90,90,50,61,15616,99,20,100,5.6,101,4.9,0,144.2,176.9,144.17484162896005,176.92615384615482
315.0,05:15,177.1,144.4,220,90,90,50,61,15616,99,20,100,5.6,101,4.8,0,144.4,177.1,144.35638009049853,177.0702262443449
316.0,05:16,177.2,144.5,220,90,90,50,61,15616,99,20,100,5.6,101,4.7,0,144.5,177.2,144.5436199095031,177.2189140271503
317.0,05:17,177.3,144.7,220,90,90,50,61,15616,101,20,100,5.6,100,4.5,0,144.7,177.3,144.73221719457095,177.3547511312227
318.0,05:18,177.5,144.9,220,90,90,50,61,15616,100,20,100,5.6,101,4.3,0,144.9,177.5,144.9110407239827,177.4820814479648
319.0,05:19,177.6,145.1,220,90,90,50,61,15616,100,20,100,5.5,99,4.2,0,145.1,177.6,145.09601809954836,177.600000000001
320.0,05:20,177.7,145.3,220,90,90,50,61,15616,100,20,100,5.4,98,4.1,0,145.3,177.7,145.2760180995483,177.6955656108607
321.0,05:21,177.8,145.5,220,90,90,50,61,15616,101,20,100,5.5,99,3.9,0,145.5,177.8,145.45375565610942,177.77764705882453
322.0,05:22,177.9,145.6,220,90,90,50,61,15616,101,19,100,5.5,99,3.5,0,145.6,177.9,145.6319457013583,177.8360180995485
323.0,05:23,177.9,145.8,220,90,90,50,61,15616,100,19,100,5.4,98,3.0,0,145.8,177.9,145.81330316742162,177.8822624434399
324.0,05:24,177.9,146.0,220,90,90,50,61,15616,100,19,100,5.4,98,2.4,0,146.0,177.9,145.9937556561094,177.90886877828154
325.0,05:25,177.9,146.2,220,90,90,50,61,15616,100,19,100,5.4,98,1.7,0,146.2,177.9,146.16923076923158,177.9162895927612
326.0,05:26,177.9,146.3,220,90,90,50,61,15616,100,19,100,5.4,97,1.1,0,146.3,177.9,146.34244343891484,177.91972850678832
327.0,05:27,177.9,146.5,220,90,90,50,61,15616,99,20,100,5.3,95,0.6,0,146.5,177.9,146.5161085972859,177.91529411764805
328.0,05:28,177.9,146.7,220,90,90,50,61,15616,100,20,100,5.3,95,0.2,0,146.7,177.9,146.69294117647138,177.900000000001
329.0,05:29,177.9,146.9,220,90,90,50,61,15616,101,19,100,5.3,95,0.1,0,146.9,177.9,146.8827149321275,177.89176470588336
330.0,05:30,177.9,147.1,220,90,90,50,61,15616,100,19,100,5.3,95,0.0,0,147.1,177.9,147.06135746606418,177.89556561086073
331.0,05:31,177.9,147.2,220,85,85,50,61,15616,101,19,100,5.3,95,0.0,0,147.2,177.9,147.23864253393748,177.90343891402813
332.0,05:32,177.9,147.4,220,85,85,50,61,15616,100,19,100,5.1,92,0.1,0,147.4,177.9,147.4172850678741,177.90742081448064
333.0,05:33,177.9,147.6,220,85,85,50,61,15616,101,19,100,5.1,91,0.2,0,147.6,177.9,147.60705882353025,177.91954751131323
334.0,05:34,177.9,147.8,220,85,85,50,61,15616,101,19,100,5.1,92,0.3,0,147.8,177.9,147.78389140271577,177.93095022624533
335.0,05:35,178.0,148.0,220,85,85,50,61,15616,101,19,100,5.2,94,0.4,0,148.0,178.0,147.9575565610868,177.94570135746704
336.0,05:36,178.0,148.1,220,85,85,50,61,15616,99,19,100,5.3,95,0.5,0,148.1,178.0,148.13076923077006,177.96696832579283
337.0,05:37,178.0,148.3,220,85,85,50,61,15616,99,19,100,5.4,97,0.5,0,148.3,178.0,148.30624434389225,178.00407239819106
338.0,05:38,178.0,148.5,220,85,85,50,61,15616,99,19,100,5.4,98,0.5,0,148.5,178.0,148.4937556561094,178.0454298642544
339.0,05:39,178.1,148.7,220,85,85,50,61,15616,99,19,100,5.4,98,0.6,0,148.7,178.1,148.6692307692316,178.08533936651682
340.0,05:40,178.1,148.8,220,85,85,50,61,15616,100,19,100,5.3,95,0.8,0,148.8,178.1,148.84244343891487,178.13719457013673
341.0,05:41,178.2,149.0,220,85,85,50,61,15616,101,19,100,5.3,95,1.0,0,149.0,178.2,149.0161085972859,178.19963800905077
342.0,05:42,178.3,149.2,220,85,85,50,61,15616,100,19,100,5.2,94,1.2,0,149.2,178.3,149.1929411764714,178.27040723982
343.0,05:43,178.4,149.4,220,85,85,50,61,15616,100,19,100,5.3,96,1.6,0,149.4,178.4,149.37565610859812,178.3601809954761
344.0,05:44,178.4,149.6,220,85,85,50,61,15616,100,19,100,5.4,98,1.9,0,149.6,178.4,149.55312217194654,178.4587330316752
345.0,05:45,178.5,149.7,220,85,85,50,61,15616,101,19,100,5.4,98,2.2,0,149.7,178.5,149.74126696832664,178.55493212669782
346.0,05:46,178.7,149.9,220,85,85,50,61,15616,101,19,100,5.4,98,2.5,0,149.9,178.7,149.92895927601893,178.65674208144895
347.0,05:47,178.8,150.1,220,85,85,50,61,15616,99,19,100,5.5,99,2.8,0,150.1,178.8,150.11891402715014,178.77122171945803
348.0,05:48,178.9,150.3,220,85,85,50,61,15616,99,19,100,5.5,99,3.0,0,150.3,178.9,150.30000000000086,178.8845248868788
349.0,05:49,179.0,150.5,220,85,85,50,61,15616,99,19,100,5.4,98,3.2,0,150.5,179.0,150.48814479638094,179.00280542986525
350.0,05:50,179.1,150.7,220,85,85,50,61,15616,101,19,100,5.5,98,3.3,0,150.7,179.1,150.67221719457098,179.12515837104172
351.0,05:51,179.2,150.9,220,85,85,50,61,15616,102,19,100,5.5,98,3.4,0,150.9,179.2,150.85493212669766,179.24361990950328
352.0,05:52,179.4,151.0,220,85,85,50,61,15616,101,19,100,5.4,97,3.5,0,151.0,179.4,151.04606334841714,179.35638009049876
353.0,05:53,179.5,151.2,220,85,85,50,61,15616,101,19,100,5.3,95,3.5,0,151.2,179.5,151.2215384615393,179.46778280543086
354.0,05:54,179.6,151.4,220,85,85,50,61,15616,101,19,100,5.3,95,3.5,0,151.4,179.6,151.3911312217203,179.5889592760191
355.0,05:55,179.7,151.6,220,85,85,50,61,15616,101,19,100,5.3,95,3.5,0,151.6,179.7,151.56461538461625,179.7110407239829
356.0,05:56,179.8,151.7,220,85,85,50,61,15616,101,19,100,5.3,95,3.5,0,151.7,179.8,151.7317647058832,179.83221719457111
357.0,05:57,179.9,151.9,220,85,85,50,61,15616,101,19,100,5.3,95,3.5,0,151.9,179.9,151.89619909502346,179.94361990950327
358.0,05:58,180.1,152.1,220,85,85,50,61,15616,100,19,100,5.3,95,3.5,0,152.1,180.1,152.06153846153933,180.05638009049875
359.0,05:59,180.2,152.2,220,85,85,50,61,15616,99,19,100,5.1,92,3.5,0,152.2,180.2,152.2384615384624,180.16778280543087
360.0,06:00,180.3,152.4,220,85,85,50,61,15616,97,19,100,5.1,92,3.5,0,152.4,180.3,152.40380090497823,180.28190045248968
361.0,06:01,180.4,152.6,220,85,85,50,61,15616,98,19,110,5.1,92,3.5,0,152.6,180.4,152.5682352941185,180.39574660633585
362.0,06:02,180.5,152.7,220,85,85,50,61,15616,98,19,110,5.0,90,3.5,0,152.7,180.5,152.73538461538544,180.51954751131325
363.0,06:03,180.6,152.9,220,85,85,50,61,15616,99,19,110,4.9,89,3.5,0,152.9,180.6,152.9159276018108,180.64262443439014
364.0,06:04,180.8,153.1,220,85,85,50,61,15616,100,19,110,5.1,92,3.5,0,153.1,180.8,153.08669683258003,180.77429864253494
365.0,06:05,180.9,153.3,220,85,85,50,61,15616,100,19,110,5.1,92,3.5,0,153.3,180.9,153.25131221719542,180.91004524886978
366.0,06:06,181.0,153.4,220,85,85,50,61,15616,99,19,110,5.1,92,3.6,0,153.4,181.0,153.4333936651592,181.0521266968336
367.0,06:07,181.2,153.6,220,85,85,50,61,15616,100,19,110,5.2,94,3.8,0,153.6,181.2,153.60886877828142,181.20280542986524
368.0,06:08,181.4,153.8,220,85,85,50,61,15616,102,20,110,5.3,95,4.0,0,153.8,181.4,153.78751131221804,181.3504977375576
369.0,06:09,181.5,154.0,220,85,85,50,61,15616,101,20,110,5.3,95,4.3,0,154.0,181.5,153.97203619909587,181.49656108597387
370.0,06:10,181.7,154.1,220,85,85,50,61,15616,102,20,110,5.3,95,4.4,0,154.1,181.7,154.15837104072483,181.6485067873313
371.0,06:11,181.8,154.3,220,85,85,50,61,15616,102,20,110,5.4,97,4.6,0,154.3,181.8,154.34244343891487,181.79294117647163
372.0,06:12,181.9,154.6,220,85,85,50,61,15616,104,20,110,5.5,98,4.6,0,154.6,181.9,154.52696832579272,181.95031674208246
373.0,06:13,182.1,154.7,220,85,85,50,61,15616,103,20,110,5.5,99,4.5,0,154.7,182.1,154.72171945701444,182.10018099547614
374.0,06:14,182.2,154.9,220,85,85,50,61,15616,103,20,110,5.5,98,4.4,0,154.9,182.2,154.90262443439,182.24914027149424
375.0,06:15,182.4,155.1,220,85,85,50,61,15616,104,20,110,5.5,98,4.5,0,155.1,182.4,155.07945701357556,182.39674208144896
376.0,06:16,182.6,155.3,220,85,85,50,61,15616,104,20,110,5.4,97,4.6,0,155.3,182.6,155.2549321266977,182.55638009049875
377.0,06:17,182.7,155.4,220,85,85,50,61,15616,104,20,110,5.3,95,4.6,0,155.4,182.7,155.43882352941262,182.70760180995575
378.0,06:18,182.9,155.6,220,85,85,50,61,15616,105,21,110,5.2,93,4.6,0,155.6,182.9,155.60705882353028,182.8708597285078
379.0,06:19,183.0,155.8,220,85,85,50,61,15616,106,21,110,5.1,92,4.7,0,155.8,183.0,155.76941176470675,183.02570135746709
380.0,06:20,183.2,155.9,220,85,85,50,61,15616,105,21,110,5.1,92,4.7,0,155.9,183.2,155.9495022624443,183.17873303167522
381.0,06:21,183.3,156.1,220,85,85,50,61,15616,105,21,110,5.1,92,4.7,0,156.1,183.3,156.11710407239906,183.32950226244446
382.0,06:22,183.5,156.3,220,85,85,50,61,15616,106,21,110,5.1,92,4.6,0,156.3,183.5,156.2899547511321,183.47049773755757
383.0,06:23,183.6,156.5,220,85,85,50,61,15616,107,21,110,5.3,95,4.6,0,156.5,183.6,156.45873303167508,183.61420814479737
384.0,06:24,183.8,156.6,220,85,85,50,61,15616,107,21,110,5.3,95,4.6,0,156.6,183.8,156.6279638009059,183.77312217194674
385.0,06:25,183.9,156.8,220,85,85,50,61,15616,107,21,110,5.1,93,4.5,0,156.8,183.9,156.78832579185607,183.92588235294218
386.0,06:26,184.1,157.0,220,85,85,50,61,15616,107,21,110,5.1,92,4.4,0,157.0,184.1,156.9504977375574,184.08497737556667
387.0,06:27,184.2,157.1,220,85,85,50,61,15616,107,21,110,5.1,92,4.4,0,157.1,184.2,157.1251583710416,184.2490497737567
388.0,06:28,184.4,157.3,220,85,85,50,61,15616,108,22,110,5.0,89,4.6,0,157.3,184.4,157.2891402714941,184.41674208144897
389.0,06:29,184.6,157.4,220,85,85,50,61,15616,107,22,110,5.0,89,4.7,0,157.4,184.6,157.46018099547598,184.57963800905083
390.0,06:30,184.8,157.6,220,85,85,50,61,15616,108,22,110,4.9,89,4.8,0,157.6,184.8,157.62895927601897,184.75638009049877
391.0,06:31,184.9,157.8,220,85,85,50,61,15616,109,22,110,4.9,89,4.9,0,157.8,184.9,157.8000000000009,184.92470588235398
392.0,06:32,185.1,158.0,220,85,85,50,61,15616,108,22,110,4.8,87,5.0,0,158.0,185.1,157.96398190045335,185.09619909502365
393.0,06:33,185.3,158.2,220,85,85,50,61,15616,110,22,110,4.9,89,5.0,0,158.2,185.3,158.13864253393754,185.2685972850689
394.0,06:34,185.4,158.3,220,85,85,50,61,15616,110,22,110,4.9,89,5.1,0,158.3,185.4,158.31466063348503,185.43963800905078
395.0,06:35,185.6,158.5,220,85,85,50,61,15616,110,22,110,5.1,92,5.1,0,158.5,185.6,158.48271493212755,185.60705882353045
396.0,06:36,185.8,158.6,220,85,85,50,61,15616,111,22,110,5.0,90,5.1,0,158.6,185.8,158.6534841628968,185.76859728506892
397.0,06:37,185.9,158.8,220,85,85,50,61,15616,111,22,110,5.1,91,5.1,0,158.8,185.9,158.82380090497827,185.9358371040734
398.0,06:38,186.1,159.0,220,85,85,50,61,15616,111,22,110,5.1,92,5.1,0,159.0,186.1,158.99049773755743,186.10036199095126
399.0,06:39,186.3,159.2,220,85,85,50,61,15616,110,22,110,5.1,92,5.0,0,159.2,186.3,159.15719457013665,186.26081447963904
400.0,06:40,186.4,159.3,220,85,85,50,61,15616,110,22,110,5.1,92,4.9,0,159.3,186.4,159.32751131221812,186.41583710407343
401.0,06:41,186.6,159.5,220,85,85,50,61,15616,110,22,110,5.2,94,4.8,0,159.5,186.6,159.51212669683346,186.57085972850786
402.0,06:42,186.7,159.7,220,85,85,50,61,15616,109,22,110,5.3,95,4.8,0,159.7,186.7,159.68787330316832,186.71746606334946
403.0,06:43,186.9,159.9,220,85,85,50,61,15616,110,22,110,5.3,95,4.8,0,159.9,186.9,159.85837104072488,186.87429864253494
404.0,06:44,187.0,160.0,220,85,85,50,61,15616,110,22,110,5.3,95,4.7,0,160.0,187.0,160.02633484162985,187.03294117647164
405.0,06:45,187.2,160.2,220,85,85,50,61,15616,111,22,110,5.3,95,4.7,0,160.2,187.2,160.2076923076932,187.19203619909607
406.0,06:46,187.3,160.4,220,85,85,50,61,15616,110,22,110,5.3,95,4.6,0,160.4,187.3,160.39131221719546,187.35022624434492
407.0,06:47,187.5,160.6,220,85,85,50,61,15616,112,22,110,5.3,95,4.7,0,160.6,187.5,160.59402714932216,187.52705882353047
408.0,06:48,187.7,160.7,220,85,85,50,61,15616,111,22,110,5.3,95,4.8,0,160.7,187.7,160.77882352941268,187.69529411764807
409.0,06:49,187.9,160.9,220,85,85,50,61,15616,110,22,110,5.3,95,4.9,0,160.9,187.9,160.9563800904986,187.86244343891508
410.0,06:50,188.0,161.2,220,85,85,50,61,15616,109,22,110,5.3,95,5.0,0,161.2,188.0,161.13737556561173,188.00895927601914
411.0,06:51,188.2,161.4,220,85,85,50,61,15616,110,22,110,5.3,95,5.0,0,161.4,188.2,161.31248868778368,188.15619909502368
412.0,06:52,188.3,161.5,220,85,85,50,61,15616,111,22,110,5.4,97,4.8,0,161.5,188.3,161.47239819004614,188.29167420814585
413.0,06:53,188.5,161.7,220,85,85,50,61,15616,111,22,110,5.5,98,4.7,0,161.7,188.5,161.62778280543074,188.41674208144903
414.0,06:54,188.5,161.7,220,85,85,50,61,15616,111,22,110,5.5,98,4.7,0,161.7,188.5,161.78932126696924,188.53276018099652
415.0,06:55,188.6,161.9,220,85,85,50,61,15616,112,22,110,5.5,98,4.5,0,161.9,188.6,161.9476923076932,188.64814479638113
416.0,06:56,188.7,162.1,220,85,85,50,61,15616,111,22,110,5.5,98,4.4,0,162.1,188.7,162.0935746606344,188.75809954751236
417.0,06:57,188.9,162.2,220,85,85,50,61,15616,110,21,110,5.5,98,4.3,0,162.2,188.9,162.24470588235386,188.87873303167527
418.0,06:58,189.0,162.4,220,85,85,50,61,15616,109,21,110,5.4,97,4.2,0,162.4,189.0,162.40561085972942,188.99230769230874
419.0,06:59,189.1,162.6,220,85,85,50,61,15616,109,22,110,5.3,95,4.1,0,162.6,189.1,162.5746606334851,189.12199095022729
420.0,07:00,189.3,162.8,220,85,85,50,61,15616,109,22,110,5.3,95,4.0,0,162.8,189.3,162.74343891402805,189.25004524886984
421.0,07:01,189.4,162.9,220,85,85,50,61,15616,109,22,110,5.3,95,4.0,0,162.9,189.4,162.93058823529503,189.3925791855214
422.0,07:02,189.5,163.1,220,85,85,50,61,15616,110,22,110,5.3,95,4.0,0,163.1,189.5,163.10000000000093,189.53095022624544
423.0,07:03,189.7,163.3,220,85,85,50,61,15616,111,22,110,5.3,95,4.1,0,163.3,189.7,163.26941176470677,189.67972850678836
424.0,07:04,189.8,163.4,220,85,85,50,61,15616,111,22,110,5.2,94,4.3,0,163.4,189.8,163.44244343891492,189.825520361992
425.0,07:05,190.0,163.6,220,85,85,50,61,15616,110,22,110,5.1,92,4.4,0,163.6,190.0,163.60886877828148,189.98171945701463
426.0,07:06,190.1,163.8,220,85,85,50,61,15616,109,22,110,5.1,92,4.4,0,163.8,190.1,163.77846153846247,190.14787330316847
427.0,07:07,190.3,164.0,220,85,85,50,61,15616,109,22,110,5.1,92,4.5,0,164.0,190.3,163.96099547511403,190.3096832579196
428.0,07:08,190.5,164.1,220,85,85,50,61,15616,109,22,110,5.2,94,4.7,0,164.1,190.5,164.1462443438923,190.48669683258024
429.0,07:09,190.7,164.3,220,85,85,50,61,15616,111,22,110,5.3,95,4.9,0,164.3,190.7,164.3239819004534,190.66461538461644
430.0,07:10,190.8,164.5,220,85,85,50,61,15616,110,22,110,5.3,96,5.0,0,164.5,190.8,164.5039819004534,190.82914027149428
431.0,07:11,191.0,164.7,220,85,85,50,61,15616,110,22,110,5.3,95,5.0,0,164.7,191.0,164.6960180995484,190.99981900452596
432.0,07:12,191.2,164.9,220,85,85,50,61,15616,110,22,110,5.3,95,5.0,0,164.9,191.2,164.87601809954842,191.1552941176481
433.0,07:13,191.3,165.1,220,85,85,50,61,15616,112,22,110,5.3,95,4.9,0,165.1,191.3,165.0537556561095,191.315113122173
434.0,07:14,191.5,165.2,220,85,85,50,61,15616,112,22,110,5.3,95,4.8,0,165.2,191.5,165.23900452488778,191.46497737556666
435.0,07:15,191.6,165.4,220,85,85,50,61,15616,111,22,110,5.3,95,4.7,0,165.4,191.6,165.42153846153934,191.60443438914132
436.0,07:16,191.7,165.6,220,85,85,50,61,15616,110,22,110,5.3,95,4.6,0,165.6,191.7,165.5911312217204,191.74687782805537
437.0,07:17,191.9,165.8,220,85,85,50,61,15616,109,22,110,5.3,95,4.4,0,165.8,191.9,165.7575565610869,191.8857013574671
438.0,07:18,192.0,165.9,220,85,85,50,61,15616,109,22,110,5.3,95,4.3,0,165.9,192.0,165.93058823529503,192.014298642535
439.0,07:19,192.2,166.1,220,85,85,50,61,15616,110,22,110,5.3,95,4.2,0,166.1,192.2,166.10000000000093,192.14606334841736
440.0,07:20,192.3,166.3,220,85,85,50,61,15616,111,22,110,5.1,92,4.2,0,166.3,192.3,166.2694117647068,192.29438914027259
441.0,07:21,192.4,166.4,220,85,85,50,61,15616,110,22,110,5.1,92,4.2,0,166.4,192.4,166.44244343891495,192.44588235294225
442.0,07:22,192.6,166.6,220,85,85,50,61,15616,111,22,110,5.1,92,4.3,0,166.6,192.6,166.61592760181088,192.6009954751142
443.0,07:23,192.7,166.8,220,85,85,50,61,15616,110,22,110,5.1,92,4.3,0,166.8,192.7,166.7796380090507,192.76018099547622
444.0,07:24,192.9,167.0,220,85,85,50,61,15616,110,22,110,5.1,92,4.4,0,167.0,192.9,166.95719457013666,192.91004524886984
445.0,07:25,193.1,167.1,220,85,85,50,61,15616,109,22,110,5.3,95,4.5,0,167.1,193.1,167.1383710407249,193.071040723983
446.0,07:26,193.3,167.3,220,85,85,50,61,15616,110,22,110,5.3,95,4.7,0,167.3,193.3,167.31294117647153,193.22977375565716
447.0,07:27,193.4,167.5,220,85,85,50,61,15616,110,22,110,5.3,95,4.8,0,167.5,193.4,167.4906787330326,193.38669683258027
448.0,07:28,193.5,167.7,220,85,85,50,61,15616,111,22,110,5.3,95,4.9,0,167.7,193.5,167.68135746606427,193.54226244344
449.0,07:29,193.7,167.8,220,85,85,50,61,15616,110,22,110,5.3,95,4.7,0,167.8,193.7,167.8609049773765,193.69013574660738
450.0,07:30,193.8,168.1,220,85,85,50,61,15616,110,22,110,5.3,95,4.6,0,168.1,193.8,168.03909502262536,193.83782805429973
451.0,07:31,194.0,168.2,220,81,81,50,61,15616,110,22,110,5.3,95,4.4,0,168.2,194.0,168.225701357467,193.9728506787341
452.0,07:32,194.1,168.4,220,81,81,50,61,15616,110,22,110,5.3,95,4.3,0,168.4,194.1,168.41049773755748,194.10361990950338
453.0,07:33,194.2,168.6,220,81,81,50,61,15616,109,22,110,5.3,95,4.2,0,168.6,194.2,168.583257918553,194.23239819004633
454.0,07:34,194.4,168.8,220,81,81,50,61,15616,109,22,110,5.3,95,4.2,0,168.8,194.4,168.75375565610955,194.35529411764813
455.0,07:35,194.5,168.9,220,81,81,50,61,15616,110,22,110,5.3,95,4.2,0,168.9,194.5,168.93176470588327,194.47547511312325
456.0,07:36,194.6,169.1,220,81,81,50,61,15616,110,22,110,5.3,95,4.0,0,169.1,194.6,169.10705882353037,194.58932126696942
457.0,07:37,194.7,169.3,220,81,81,50,61,15616,111,22,110,5.3,95,3.9,0,169.3,194.7,169.26941176470683,194.70000000000107
458.0,07:38,194.8,169.4,220,81,81,50,61,15616,113,22,110,5.3,95,3.7,0,169.4,194.8,169.44244343891495,194.80361990950337
459.0,07:39,194.9,169.6,220,81,81,50,61,15616,111,22,110,5.1,93,3.5,0,169.6,194.9,169.61592760181088,194.92334841629068
460.0,07:40,195.0,169.8,220,81,81,50,61,15616,109,22,120,5.1,92,3.4,0,169.8,195.0,169.78669683258013,195.0485067873314
461.0,07:41,195.2,170.0,220,81,81,50,61,15616,110,22,120,5.1,92,3.3,0,170.0,195.2,169.95131221719552,195.16841628959384
462.0,07:42,195.3,170.1,220,81,81,50,61,15616,110,22,120,5.1,92,3.4,0,170.1,195.3,170.13339366515933,195.3062443438925
463.0,07:43,195.4,170.3,220,81,81,50,61,15616,110,22,120,5.1,92,3.5,0,170.3,195.4,170.30886877828152,195.44425339366626
464.0,07:44,195.6,170.5,220,81,81,50,61,15616,111,22,120,5.3,95,3.8,0,170.5,195.6,170.48751131221815,195.59176470588343
465.0,07:45,195.8,170.7,220,81,81,50,61,15616,112,22,120,5.3,95,4.0,0,170.7,195.8,170.67203619909597,195.74425339366624
466.0,07:46,195.9,170.8,220,81,81,50,61,15616,112,22,120,5.3,96,4.3,0,170.8,195.9,170.85837104072493,195.89013574660743
467.0,07:47,196.0,171.0,220,81,81,50,61,15616,112,22,120,5.3,96,4.3,0,171.0,196.0,171.04244343891497,196.03782805429975
468.0,07:48,196.2,171.3,220,81,81,50,61,15616,112,22,120,5.3,96,4.4,0,171.3,196.2,171.2269683257928,196.17484162896034
469.0,07:49,196.3,171.4,220,81,81,50,61,15616,113,23,120,5.3,96,4.4,0,171.4,196.3,171.4146606334851,196.3225339366527
470.0,07:50,196.5,171.6,220,81,81,50,61,15616,114,23,120,5.3,96,4.4,0,171.6,196.5,171.6014479638019,196.46841628959385
471.0,07:51,196.6,171.8,220,81,81,50,61,15616,114,23,120,5.3,96,4.3,0,171.8,196.6,171.783257918553,196.6000000000011
472.0,07:52,196.7,172.0,220,81,81,50,61,15616,114,23,120,5.3,96,4.3,0,172.0,196.7,171.96280542986523,196.73864253393774
473.0,07:53,196.9,172.1,220,81,81,50,61,15616,115,23,120,5.3,96,4.2,0,172.1,196.9,172.14986425339464,196.87864253393772
474.0,07:54,197.0,172.3,220,81,81,50,61,15616,116,23,120,5.3,96,4.2,0,172.3,197.0,172.3203619909512,197.01429864253504
475.0,07:55,197.2,172.5,220,81,81,50,61,15616,116,23,120,5.3,96,4.2,0,172.5,197.2,172.49113122172042,197.14606334841739
476.0,07:56,197.3,172.7,220,81,81,50,61,15616,116,23,120,5.3,96,4.2,0,172.7,197.3,172.6657918552046,197.29438914027259
477.0,07:57,197.4,172.8,220,81,81,50,61,15616,117,23,120,5.3,96,4.2,0,172.8,197.4,172.82796380090593,197.43882352941284
478.0,07:58,197.6,173.0,220,81,81,50,61,15616,118,23,120,5.3,96,4.2,0,173.0,197.6,172.9953846153856,197.599819004526
479.0,07:59,197.7,173.2,220,81,81,50,61,15616,117,24,120,5.2,94,4.2,0,173.2,197.7,173.15167420814578,197.75692307692418
480.0,08:00,197.9,173.3,220,81,81,50,61,15616,118,24,120,5.1,92,4.3,0,173.3,197.9,173.3142986425349,197.91674208144906
481.0,08:01,198.1,173.5,220,81,81,50,61,15616,117,24,120,5.1,92,4.4,0,173.5,198.1,173.48009049773853,198.0858823529423
482.0,08:02,198.3,173.6,220,81,81,50,61,15616,118,24,120,5.1,92,4.6,0,173.6,198.3,173.64588235294212,198.24389140271603
483.0,08:03,198.4,173.8,220,81,81,50,61,15616,118,24,120,5.0,90,4.8,0,173.8,198.4,173.81529411764802,198.4112217194581
484.0,08:04,198.6,174.0,220,81,81,50,61,15616,119,24,120,5.0,91,4.9,0,174.0,198.6,173.99900452488785,198.56742081448076
485.0,08:05,198.7,174.1,220,81,81,50,61,15616,119,24,120,5.1,92,4.9,0,174.1,198.7,174.1738461538471,198.71909502262554
486.0,08:06,198.9,174.4,220,81,81,50,61,15616,119,24,120,5.0,90,4.8,0,174.4,198.9,174.35049773755753,198.87285067873415
487.0,08:07,199.0,174.6,220,81,81,50,61,15616,120,24,120,5.0,89,4.6,0,174.6,199.0,174.53963800905075,199.00823529411878
488.0,08:08,199.1,174.7,220,81,81,50,61,15616,120,24,120,5.1,92,4.5,0,174.7,199.1,174.71809954751228,199.14570135746715
489.0,08:09,199.3,174.9,220,81,81,50,61,15616,120,24,120,5.0,90,4.4,0,174.9,199.3,174.90361990950322,199.27864253393778
490.0,08:10,199.4,175.1,220,81,81,50,61,15616,119,24,120,5.0,89,4.4,0,175.1,199.4,175.07303167420912,199.42135746606445
491.0,08:11,199.6,175.2,220,81,81,50,61,15616,120,24,120,5.1,91,4.4,0,175.2,199.6,175.2370135746616,199.56135746606446
492.0,08:12,199.7,175.4,220,81,81,50,61,15616,121,24,120,5.0,89,4.4,0,175.4,199.7,175.40624434389235,199.7070588235305
493.0,08:13,199.8,175.6,220,81,81,50,61,15616,120,24,120,5.0,89,4.3,0,175.6,199.8,175.55755656108695,199.839819004526
494.0,08:14,200.0,175.7,220,81,81,50,61,15616,120,24,120,5.1,92,4.3,0,175.7,200.0,175.71547511312315,199.9819004524898
495.0,08:15,200.1,175.9,220,81,81,50,61,15616,120,24,120,5.0,90,4.2,0,175.9,200.1,175.8774660633494,200.11466063348527
496.0,08:16,200.3,176.0,220,81,81,50,61,15616,120,24,120,5.0,90,4.2,0,176.0,200.3,176.0412669683268,200.24651583710516
497.0,08:17,200.4,176.2,220,81,81,50,61,15616,121,24,120,5.1,93,4.1,0,176.2,200.4,176.19755656108694,200.3858823529423
498.0,08:18,200.5,176.4,220,81,81,50,61,15616,120,24,120,5.1,92,4.1,0,176.4,200.5,176.37085972850775,200.52117647058935
499.0,08:19,200.6,176.5,220,81,81,50,61,15616,120,24,120,5.1,92,4.0,0,176.5,200.6,176.53800904977476,200.65466063348526
500.0,08:20,200.8,176.7,220,81,81,50,61,15616,119,24,120,5.2,94,3.9,0,176.7,200.8,176.71674208144893,200.78859728506902
501.0,08:21,200.9,176.9,220,81,81,50,61,15616,118,24,120,5.1,93,3.9,0,176.9,200.9,176.89773755656205,200.91846153846265
502.0,08:22,201.1,177.1,220,81,81,50,61,15616,119,24,120,5.1,92,3.9,0,177.1,201.1,177.0716742081458,201.0465158371052
503.0,08:23,201.2,177.2,220,81,81,50,61,15616,119,24,120,5.1,92,4.0,0,177.2,201.2,177.25628959276116,201.1750226244355
504.0,08:24,201.3,177.5,220,81,81,50,61,15616,120,24,120,5.1,93,4.0,0,177.5,201.3,177.42841628959374,201.31330316742194
505.0,08:25,201.4,177.6,220,81,81,50,61,15616,120,24,120,5.1,91,4.0,0,177.6,201.4,177.60579185520461,201.4506787330328
506.0,08:26,201.6,177.8,220,81,81,50,61,15616,121,24,120,5.1,92,4.0,0,177.8,201.6,177.77909502262543,201.58352941176582
507.0,08:27,201.7,177.9,220,81,81,50,61,15616,122,24,120,5.1,91,4.0,0,177.9,201.7,177.93900452488785,201.70823529411877
508.0,08:28,201.8,178.1,220,81,81,50,61,15616,121,24,120,5.0,89,3.9,0,178.1,201.8,178.10325791855303,201.8350226244355
509.0,08:29,202.0,178.3,220,81,81,50,61,15616,120,24,120,4.9,88,3.9,0,178.3,202.0,178.26253393665257,201.95411764705995
510.0,08:30,202.1,178.4,220,81,81,50,61,15616,119,24,120,4.9,89,3.8,0,178.4,202.1,178.42135746606434,202.06959276018213
511.0,08:31,202.2,178.6,220,81,81,50,61,15616,119,24,120,4.9,88,3.7,0,178.6,202.2,178.57746606334942,202.19257918552148
512.0,08:32,202.3,178.7,220,81,81,50,61,15616,121,24,120,4.8,87,3.6,0,178.7,202.3,178.74244343891502,202.3003619909514
513.0,08:33,202.4,178.9,220,81,81,50,61,15616,119,24,120,4.9,88,3.5,0,178.9,202.4,178.9149321266978,202.41113122172058
514.0,08:34,202.5,179.1,220,81,81,50,61,15616,119,24,120,4.8,87,3.4,0,179.1,202.5,179.0806334841639,202.52307692307807
515.0,08:35,202.6,179.2,220,81,81,50,61,15616,120,24,120,4.9,88,3.3,0,179.2,202.6,179.23203619909603,202.62823529411878
516.0,08:36,202.7,179.4,220,81,81,50,61,15616,121,24,120,4.8,87,3.3,0,179.4,202.7,179.381628959277,202.7257013574672
517.0,08:37,202.9,179.6,220,81,81,50,61,15616,121,24,120,4.9,89,3.3,0,179.6,202.9,179.5419004524897,202.82135746606448
518.0,08:38,202.9,179.7,220,81,81,50,61,15616,120,24,120,4.8,87,3.3,0,179.7,202.9,179.69149321267068,202.92108597285178
519.0,08:39,203.1,179.9,220,81,81,50,61,15616,119,24,120,5.0,89,3.4,0,179.9,203.1,179.8428959276028,203.0239819004536
520.0,08:40,203.1,179.9,220,81,81,50,61,15616,119,24,120,5.0,89,3.4,0,179.9,203.1,179.9947511312227,203.12208144796494
521.0,08:41,203.2,180.1,220,81,81,50,61,15616,120,24,120,5.0,91,3.4,0,180.1,203.2,180.14570135746706,203.22036199095135
522.0,08:42,203.3,180.3,220,81,81,50,61,15616,120,24,120,5.1,93,3.4,0,180.3,203.3,180.30823529411865,203.32995475113236
523.0,08:43,203.4,180.5,220,81,81,50,61,15616,120,24,120,5.0,90,3.4,0,180.5,203.4,180.46099547511415,203.44108597285182
524.0,08:44,203.6,180.6,220,81,81,50,61,15616,121,24,120,5.2,93,3.5,0,180.6,203.6,180.61647058823633,203.56398190045363
525.0,08:45,203.7,180.8,220,81,81,50,61,15616,121,24,120,5.2,93,3.6,0,180.8,203.7,180.78009049773857,203.70180995475224
526.0,08:46,203.8,181.0,220,81,81,50,61,15616,120,24,120,5.0,90,3.8,0,181.0,203.8,180.94343891402815,203.84389140271605
527.0,08:47,204.0,181.1,220,81,81,50,61,15616,120,24,120,5.0,90,4.0,0,181.1,204.0,181.12515837104172,203.99954751131335
528.0,08:48,204.2,181.3,220,81,81,50,61,15616,119,24,120,5.0,90,4.2,0,181.3,204.2,181.28914027149423,204.15013574660745
529.0,08:49,204.3,181.4,220,81,81,50,61,15616,120,24,120,5.0,90,4.4,0,181.4,204.3,181.4531221719467,204.3031674208156
530.0,08:50,204.5,181.6,220,81,81,50,61,15616,120,24,120,4.9,89,4.5,0,181.6,204.5,181.62072398190148,204.4652488687794
531.0,08:51,204.6,181.8,220,81,81,50,61,15616,120,24,120,5.0,90,4.6,0,181.8,204.6,181.80262443439017,204.62208144796494
532.0,08:52,204.8,182.0,220,81,81,50,61,15616,120,24,120,5.2,93,4.6,0,182.0,204.8,181.96859728506888,204.786153846155
533.0,08:53,204.9,182.2,220,81,81,50,61,15616,120,24,120,5.2,94,4.6,0,182.2,204.9,182.14226244343993,204.94904977375677
534.0,08:54,205.1,182.3,220,81,81,50,61,15616,120,24,120,5.3,95,4.7,0,182.3,205.1,182.3333936651594,205.11556561086084
535.0,08:55,205.3,182.5,220,81,81,50,61,15616,120,24,120,5.4,97,4.7,0,182.5,205.3,182.5179185520372,205.2834389140283
536.0,08:56,205.5,182.7,220,81,81,50,61,15616,119,24,120,5.4,97,5.0,0,182.7,205.5,182.70561085972952,205.4571945701369
537.0,08:57,205.6,182.9,220,81,81,50,61,15616,117,24,120,5.4,97,5.1,0,182.9,205.6,182.88533936651686,205.62751131221836
538.0,08:58,205.8,183.0,220,81,81,50,61,15616,118,25,120,5.4,97,5.3,0,183.0,205.8,183.07303167420918,205.80506787330432
539.0,08:59,206.0,183.3,220,81,81,50,61,15616,118,25,120,5.4,97,5.3,0,183.3,206.0,183.25755656108697,205.98669683258032
540.0,09:00,206.2,183.5,220,81,81,50,61,15616,118,25,120,5.4,97,5.4,0,183.5,206.2,183.44162895927704,206.16923076923194
541.0,09:01,206.3,183.6,220,81,81,50,61,15616,118,25,120,5.4,97,5.3,0,183.6,206.3,183.627963800906,206.34244343891515
542.0,09:02,206.5,183.8,220,71,71,50,61,15616,119,25,120,5.4,97,5.3,0,183.8,206.5,183.80542986425442,206.52316742081564
543.0,09:03,206.7,184.0,220,71,71,50,61,15616,120,25,120,5.4,97,5.3,0,184.0,206.7,183.98995475113225,206.70117647058936
544.0,09:04,206.9,184.2,220,71,71,50,61,15616,120,25,120,5.4,97,5.3,0,184.2,206.9,184.17040723982,206.88714932126814
545.0,09:05,207.1,184.3,220,71,71,50,61,15616,120,25,120,5.3,95,5.3,0,184.3,207.1,184.34950226244445,207.0579185520374
546.0,09:06,207.2,184.5,220,71,71,50,61,15616,121,25,120,5.2,93,5.3,0,184.5,207.2,184.5161085972861,207.23122171945818
547.0,09:07,207.4,184.7,220,71,71,50,61,15616,119,25,120,5.2,94,5.3,0,184.7,207.4,184.6929411764716,207.40479638009165
548.0,09:08,207.6,184.9,220,71,71,50,61,15616,119,25,120,5.2,93,5.2,0,184.9,207.6,184.87565610859832,207.57022624434506
549.0,09:09,207.7,185.1,220,71,71,50,61,15616,119,25,120,5.4,97,5.1,0,185.1,207.7,185.0531221719467,207.7190950226256
550.0,09:10,207.9,185.2,220,71,71,50,61,15616,120,25,120,5.5,99,5.0,0,185.2,207.9,185.24126696832684,207.87004524886993
551.0,09:11,208.0,185.4,220,71,71,50,61,15616,121,25,120,5.6,101,4.8,0,185.4,208.0,185.42895927601916,208.01466063348533
552.0,09:12,208.2,185.6,220,71,71,50,61,15616,120,25,120,5.7,103,4.7,0,185.6,208.2,185.61185520362093,208.16542986425455
553.0,09:13,208.3,185.8,220,71,71,50,61,15616,119,25,120,5.7,103,4.6,0,185.8,208.3,185.7917647058834,208.32190045248987
554.0,09:14,208.4,186.0,220,71,71,50,61,15616,119,25,120,5.7,103,4.5,0,186.0,208.4,185.98371040724084,208.4636199095034
555.0,09:15,208.6,186.2,220,71,71,50,61,15616,121,25,120,5.7,103,4.5,0,186.2,208.6,186.1756561085983,208.61104072398308
556.0,09:16,208.8,186.4,220,71,71,50,61,15616,121,25,120,5.7,102,4.6,0,186.4,208.8,186.3694117647069,208.76461538461655
557.0,09:17,208.9,186.5,220,71,71,50,61,15616,120,25,120,5.5,100,4.6,0,186.5,208.9,186.5667873303178,208.90479638009165
558.0,09:18,209.1,186.7,220,71,71,50,61,15616,120,25,120,5.7,102,4.6,0,186.7,209.1,186.7557466063359,209.05294117647176
559.0,09:19,209.2,187.0,220,71,71,50,61,15616,122,25,120,5.5,100,4.6,0,187.0,209.2,186.9513122171956,209.1895022624446
560.0,09:20,209.3,187.2,220,71,71,50,61,15616,120,25,120,5.5,100,4.4,0,187.2,209.3,187.14144796380194,209.33583710407356
561.0,09:21,209.5,187.3,220,71,71,50,61,15616,120,25,120,5.5,100,4.3,0,187.3,209.5,187.32796380090602,209.4723981900464
562.0,09:22,209.6,187.5,220,71,71,50,61,15616,120,25,120,5.5,100,4.2,0,187.5,209.6,187.51266968325893,209.60669683258035
563.0,09:23,209.7,187.7,220,71,71,50,61,15616,120,25,120,5.4,97,4.1,0,187.7,209.7,187.69737556561188,209.74624434389256
564.0,09:24,209.9,187.9,220,71,71,50,61,15616,118,25,120,5.4,97,4.1,0,187.9,209.9,187.88389140271596,209.8923981900464
565.0,09:25,210.0,188.1,220,71,71,50,61,15616,119,25,120,5.4,97,4.1,0,188.1,210.0,188.06723981900558,210.02651583710525
566.0,09:26,210.2,188.2,220,71,71,50,61,15616,119,25,120,5.5,99,4.1,0,188.2,210.2,188.24244343891507,210.17085972850793
567.0,09:27,210.3,188.4,230,71,71,50,61,15616,120,25,120,5.5,100,4.1,0,188.4,210.3,188.42515837104173,210.30678733031792
568.0,09:28,210.5,188.6,230,71,71,50,61,15616,120,25,120,5.6,100,4.2,0,188.6,210.5,188.61104072398297,210.44271493212784
569.0,09:29,210.6,188.8,230,71,71,50,61,15616,120,25,120,5.6,100,4.2,0,188.8,210.6,188.7960180995486,210.58000000000118
570.0,09:30,210.7,189.0,230,71,71,50,61,15616,119,25,120,5.5,100,4.2,0,189.0,210.7,188.97601809954855,210.72000000000116
571.0,09:31,210.8,189.2,230,71,71,50,61,15616,121,25,120,5.5,100,4.1,0,189.2,210.8,189.14669683258023,210.85022624434507
572.0,09:32,211.0,189.3,230,71,71,50,61,15616,121,25,120,5.6,100,4.1,0,189.3,211.0,189.32371040724087,210.9920361990962
573.0,09:33,211.1,189.5,230,71,71,50,61,15616,120,25,120,5.5,100,4.0,0,189.5,211.1,189.5088687782816,211.13294117647177
574.0,09:34,211.3,189.7,230,71,71,50,61,15616,120,25,130,5.5,100,4.0,0,189.7,211.3,189.69719457013682,211.28135746606452
575.0,09:35,211.4,189.9,230,71,71,50,61,15616,119,25,130,5.6,100,4.2,0,189.9,211.4,189.88371040724087,211.42570135746723
576.0,09:36,211.6,190.0,230,71,71,50,61,15616,119,25,130,5.4,97,4.3,0,190.0,211.6,190.07022624434495,211.57529411764824
577.0,09:37,211.7,190.2,230,71,71,50,61,15616,121,25,130,5.4,97,4.4,0,190.2,211.7,190.25855203620017,211.71945701357583
578.0,09:38,211.9,190.5,230,71,71,50,61,15616,122,25,130,5.4,96,4.4,0,190.5,211.9,190.4504977375576,211.8545701357478
579.0,09:39,212.0,190.7,230,71,71,50,61,15616,121,25,130,5.5,99,4.3,0,190.7,212.0,190.64787330316847,211.9770135746618
580.0,09:40,212.1,190.9,230,71,71,50,61,15616,121,26,130,5.5,99,4.2,0,190.9,212.1,190.83864253393773,212.09701357466182
581.0,09:41,212.2,191.0,230,71,71,50,61,15616,121,26,130,5.6,101,3.9,0,191.0,212.2,191.03076923077032,212.20479638009166
582.0,09:42,212.3,191.2,230,71,71,50,61,15616,121,26,130,5.7,102,3.7,0,191.2,212.3,191.22515837104177,212.31149321267088
583.0,09:43,212.4,191.4,230,71,71,50,61,15616,123,26,130,5.8,104,3.4,0,191.4,212.4,191.42977375565715,212.40823529411884
584.0,09:44,212.5,191.6,230,71,71,50,61,15616,122,26,130,5.7,102,3.3,0,191.6,212.5,191.6187330316753,212.5070588235306
585.0,09:45,212.6,191.8,230,71,71,50,61,15616,123,26,130,5.7,103,3.1,0,191.8,212.6,191.8000000000011,212.6000000000012
586.0,09:46,212.7,192.0,230,71,71,50,61,15616,124,26,130,5.7,103,3.1,0,192.0,212.7,191.98832579185628,212.69294117647178
587.0,09:47,212.8,192.2,230,71,71,50,61,15616,125,26,130,5.7,103,3.1,0,192.2,212.8,192.1784615384626,212.79882352941297
588.0,09:48,212.9,192.4,230,71,71,50,61,15616,125,26,130,5.7,103,3.1,0,192.4,212.9,192.37221719457122,212.89674208144913
589.0,09:49,213.0,192.6,230,71,71,50,61,15616,125,26,130,5.8,104,3.1,0,192.6,213.0,192.55755656108704,212.99963800905095
590.0,09:50,213.1,192.7,230,71,71,50,61,15616,126,27,130,5.8,104,3.1,0,192.7,213.1,192.74244343891513,213.1066063348428
591.0,09:51,213.2,192.9,230,71,71,50,61,15616,127,27,130,5.7,102,3.0,0,192.9,213.2,192.92778280543092,213.21674208144913
592.0,09:52,213.3,193.1,230,71,71,50,61,15616,128,27,130,5.6,101,3.1,0,193.1,213.3,193.12153846153953,213.32914027149442
593.0,09:53,213.5,193.3,230,71,71,50,61,15616,126,27,130,5.6,100,3.1,0,193.3,213.5,193.3116742081459,213.442895927603
594.0,09:54,213.5,193.5,230,71,71,50,61,15616,127,27,130,5.5,100,3.2,0,193.5,213.5,193.50000000000108,213.5571040723994
595.0,09:55,213.7,193.7,230,71,71,50,61,15616,128,27,130,5.5,99,3.3,0,193.7,213.7,193.68832579185627,213.6638009049786
596.0,09:56,213.8,193.9,230,71,71,50,61,15616,128,27,130,5.5,99,3.3,0,193.9,213.8,193.885520361992,213.7750226244356
597.0,09:57,213.9,194.1,230,71,71,50,61,15616,129,27,130,5.6,100,3.3,0,194.1,213.9,194.08045248868888,213.8889592760193
598.0,09:58,214.0,194.3,230,71,71,50,61,15616,129,27,130,5.6,101,3.2,0,194.3,214.0,194.26199095022733,214.00380090497856
599.0,09:59,214.1,194.4,230,71,71,50,61,15616,128,27,130,5.5,99,3.3,0,194.4,214.1,194.43900452488796,214.11067873303284
600.0,10:00,214.2,194.6,230,71,71,50,61,15616,129,28,130,5.5,99,3.3,0,194.6,214.2,194.61330316742192,214.2207239819016
601.0,10:01,214.3,194.8,230,61,61,50,61,15616,128,28,130,5.5,99,3.4,0,194.8,214.3,194.79375565610968,214.34506787330437
602.0,10:02,214.5,195.0,230,61,61,50,61,15616,130,28,130,5.4,97,3.5,0,195.0,214.5,194.96923076923184,214.46099547511432
603.0,10:03,214.6,195.1,230,61,61,50,61,15616,131,28,130,5.3,95,3.6,0,195.1,214.6,195.1424434389151,214.58669683258037
604.0,10:04,214.7,195.3,230,61,61,50,61,15616,131,28,130,5.3,96,3.6,0,195.3,214.7,195.31610859728616,214.7062443438926
605.0,10:05,214.8,195.5,230,61,61,50,61,15616,131,28,130,5.3,96,3.7,0,195.5,214.8,195.49294117647167,214.83076923077041
606.0,10:06,215.0,195.7,230,61,61,50,61,15616,131,27,130,5.5,99,3.7,0,195.7,215.0,195.67565610859836,214.95755656108713
607.0,10:07,215.1,195.9,230,61,61,50,61,15616,130,27,130,5.5,99,3.7,0,195.9,215.1,195.8531221719468,215.08389140271612
608.0,10:08,215.2,196.0,230,61,61,50,61,15616,129,27,130,5.5,99,3.6,0,196.0,215.2,196.03420814479747,215.2070588235306
609.0,10:09,215.3,196.2,230,61,61,50,61,15616,128,28,130,5.5,99,3.5,0,196.2,215.3,196.22072398190153,215.3243438914039
610.0,10:10,215.4,196.4,230,61,61,50,61,15616,129,28,130,5.6,101,3.5,0,196.4,215.4,196.41447963801014,215.4468778280555
611.0,10:11,215.6,196.6,230,61,61,50,61,15616,129,28,130,5.5,99,3.5,0,196.6,215.6,196.61049773755767,215.56579185520482
612.0,10:12,215.7,196.8,230,61,61,50,61,15616,131,28,130,5.5,99,3.6,0,196.8,215.7,196.8038009049785,215.67927601810072
613.0,10:13,215.8,197.0,230,61,61,50,61,15616,130,28,130,5.6,102,3.7,0,197.0,215.8,196.99619909502374,215.78552036199216
614.0,10:14,215.9,197.2,230,61,61,50,61,15616,131,28,130,5.7,102,3.7,0,197.2,215.9,197.18950226244453,215.88950226244464
615.0,10:15,216.0,197.4,230,61,61,50,61,15616,131,28,130,5.6,101,3.6,0,197.4,216.0,197.38552036199206,216.00325791855326
616.0,10:16,216.1,197.6,230,61,61,50,61,15616,130,28,130,5.7,102,3.4,0,197.6,216.1,197.57221719457124,216.11203619909622
617.0,10:17,216.2,197.8,230,61,61,50,61,15616,130,28,130,5.7,102,3.3,0,197.8,216.2,197.7646153846165,216.21493212669802
618.0,10:18,216.3,197.9,230,61,61,50,61,15616,129,28,130,5.5,99,3.3,0,197.9,216.3,197.95067873303276,216.31104072398313
619.0,10:19,216.4,198.1,230,61,61,50,61,15616,129,28,130,5.5,99,3.3,0,198.1,216.4,198.14633484163005,216.42036199095145
620.0,10:20,216.5,198.3,230,61,61,50,61,15616,129,28,130,5.4,97,3.3,0,198.3,216.5,198.3275113122183,216.52289592760303
621.0,10:21,216.7,198.5,230,61,61,50,61,15616,130,28,130,5.3,96,3.3,0,198.5,216.7,198.49782805429976,216.61954751131344
622.0,10:22,216.7,198.7,230,61,61,50,61,15616,130,28,130,5.4,98,3.2,0,198.7,216.7,198.66090497737667,216.71122171945822
623.0,10:23,216.8,198.9,230,61,61,50,61,15616,130,28,130,5.5,99,3.1,0,198.9,216.8,198.8203619909513,216.79882352941297
624.0,10:24,216.9,199.0,250,61,61,50,61,15616,131,28,130,5.5,99,3.0,0,199.0,216.9,198.97981900452598,216.88325791855323
625.0,10:25,217.0,199.2,250,61,61,50,61,15616,131,28,130,5.5,99,2.9,0,199.2,217.0,199.14995475113233,216.97248868778402
626.0,10:26,217.0,199.2,250,61,61,50,61,15616,131,28,130,5.5,99,2.9,0,199.2,217.0,199.30760180995586,217.05447963801026
627.0,10:27,217.1,199.4,250,61,61,50,61,15616,130,28,130,5.5,99,2.8,0,199.4,217.1,199.46343891402825,217.1310407239831
628.0,10:28,217.2,199.6,250,61,61,50,61,15616,130,28,130,5.4,97,2.8,0,199.6,217.2,199.6281447963812,217.2039819004537
629.0,10:29,217.3,199.8,250,61,61,50,61,15616,130,28,130,5.5,99,2.8,0,199.8,217.3,199.79239819004636,217.29601809954875
630.0,10:30,217.4,200.0,250,61,61,50,61,15616,130,28,130,5.5,99,2.8,0,200.0,217.4,199.96072398190154,217.3760180995487
631.0,10:31,217.5,200.2,250,61,61,50,61,15616,131,28,140,5.5,99,2.7,0,200.2,217.5,200.13764705882465,217.45375565610976
632.0,10:32,217.5,200.3,250,51,51,50,61,15616,128,28,140,5.5,99,2.6,0,200.3,217.5,200.3209049773767,217.53194570135872
633.0,10:33,217.6,200.5,250,51,51,50,61,15616,130,28,140,5.5,99,2.5,0,200.5,217.6,200.50823529411878,217.62036199095144
634.0,10:34,217.7,200.7,250,51,51,50,61,15616,131,28,140,5.3,96,2.4,0,200.7,217.7,200.68352941176585,217.69493212669806
635.0,10:35,217.8,200.8,250,51,51,50,61,15616,131,28,140,5.4,96,2.4,0,200.8,217.8,200.8506787330328,217.7654298642546
636.0,10:36,217.8,201.0,250,51,51,50,61,15616,131,28,140,5.3,96,2.4,0,201.0,217.8,201.01330316742192,217.8345701357478
637.0,10:37,217.9,201.2,250,51,51,50,61,15616,130,28,140,5.2,93,2.4,0,201.2,217.9,201.18208144796492,217.90506787330438
638.0,10:38,218.0,201.4,250,51,51,50,61,15616,131,28,140,5.2,93,2.3,0,201.4,218.0,201.34769230769342,217.97963800905097
639.0,10:39,218.1,201.5,250,51,51,50,61,15616,131,28,140,5.1,92,2.3,0,201.5,218.1,201.5217194570147,218.06099547511434
640.0,10:40,218.1,201.7,250,51,51,50,61,15616,133,29,140,4.9,88,2.2,0,201.7,218.1,201.6819004524898,218.13800904977495
641.0,10:41,218.2,201.8,250,51,51,50,61,15616,133,29,140,5.0,90,2.3,0,201.8,218.2,201.84687782805543,218.21954751131344
642.0,10:42,218.3,202.0,250,51,51,50,61,15616,132,29,140,4.8,87,2.3,0,202.0,218.3,202.00117647058937,218.31447963801025
643.0,10:43,218.4,202.2,250,51,51,50,61,15616,134,29,140,4.8,86,2.3,0,202.2,218.4,202.15638009049886,218.4046153846166
644.0,10:44,218.5,202.3,250,51,51,50,61,15616,135,29,140,4.8,86,2.3,0,202.3,218.5,202.31022624434502,218.498823529413
645.0,10:45,218.6,202.5,250,51,51,50,61,15616,134,29,140,4.8,87,2.4,0,202.5,218.6,202.47429864253508,218.59212669683382
646.0,10:46,218.7,202.6,250,51,51,50,61,15616,135,29,140,4.8,86,2.5,0,202.6,218.7,202.64018099547624,218.67927601810075
647.0,10:47,218.8,202.8,250,51,51,50,61,15616,136,29,140,4.8,87,2.6,0,202.8,218.8,202.79945701357576,218.78208144796503
648.0,10:48,218.9,202.9,250,51,51,50,61,15616,136,29,140,4.8,87,2.7,0,202.9,218.9,202.97076923077034,218.86760180995597
649.0,10:49,218.9,203.2,250,51,51,50,61,15616,136,30,140,4.8,87,2.8,0,203.2,218.9,203.13891402715046,218.95674208144916
650.0,10:50,219.1,203.3,250,51,51,50,61,15616,136,30,140,4.8,87,2.9,0,203.3,219.1,203.30253393665274,219.04950226244466
651.0,10:51,219.1,203.5,250,51,51,50,61,15616,137,30,140,4.8,86,2.9,0,203.5,219.1,203.47411764705996,219.1458823529424
652.0,10:52,219.2,203.6,250,51,51,50,61,15616,137,30,140,4.8,86,2.9,0,203.6,219.2,203.6323076923088,219.2529411764718
653.0,10:53,219.4,203.8,250,51,51,50,61,15616,137,30,140,4.8,87,2.9,0,203.8,219.4,203.79665158371157,219.3506787330329
654.0,10:54,219.4,204.0,250,51,51,50,61,15616,137,30,140,4.7,85,3.0,0,204.0,219.4,203.94579185520473,219.45294117647182
655.0,10:55,219.6,204.1,250,51,51,50,61,15616,138,30,140,4.8,86,3.0,0,204.1,219.6,204.09927601810068,219.55972850678853
656.0,10:56,219.7,204.2,250,51,51,50,61,15616,139,30,140,4.8,87,3.0,0,204.2,219.7,204.23574660633597,219.67104072398308
657.0,10:57,219.8,204.4,250,51,51,50,61,15616,139,30,140,4.7,85,3.1,0,204.4,219.8,204.38859728506898,219.7730316742094
658.0,10:58,219.9,204.5,250,51,51,50,61,15616,139,30,140,4.7,84,3.1,0,204.5,219.9,204.53031674208262,219.88570135746727
659.0,10:59,219.9,204.7,250,51,51,50,61,15616,140,30,140,4.7,84,3.1,0,204.7,219.9,204.68135746606447,219.98814479638133
660.0,11:00,220.1,204.8,250,51,51,50,61,15616,140,30,140,4.5,82,3.0,0,204.8,220.1,204.82126696832694,220.0865158371053
661.0,11:01,220.2,205.0,250,51,51,50,61,15616,141,30,140,4.5,81,3.0,0,205.0,220.2,204.9634389140283,220.18669683258042
662.0,11:02,220.3,205.1,250,51,51,50,61,15616,141,30,140,4.5,81,3.0,0,205.1,220.3,205.12126696832695,220.2877828054311
663.0,11:03,220.4,205.3,250,51,51,50,61,15616,139,30,140,4.4,79,3.0,0,205.3,220.4,205.2778280542998,220.38886877828176
664.0,11:04,220.5,205.4,250,51,51,50,61,15616,140,30,140,4.4,80,3.1,0,205.4,220.5,205.42972850678848,220.49583710407364
665.0,11:05,220.6,205.6,250,51,51,50,61,15616,141,30,140,4.4,78,3.3,0,205.6,220.6,205.5834389140283,220.6077828054311
666.0,11:06,220.7,205.7,250,51,51,50,61,15616,141,30,140,4.4,78,3.4,0,205.7,220.7,205.73850678733146,220.7238009049786
667.0,11:07,220.8,205.9,250,51,51,50,61,15616,140,30,140,4.4,79,3.4,0,205.9,220.8,205.89447963801018,220.82914027149445
668.0,11:08,221.0,206.1,250,51,51,50,61,15616,140,30,140,4.4,79,3.5,0,206.1,221.0,206.05090497737672,220.94289592760305
669.0,11:09,221.0,206.2,250,51,51,50,61,15616,140,30,140,4.5,80,3.4,0,206.2,221.0,206.2073303167432,221.0571040723994
670.0,11:10,221.2,206.4,250,51,51,50,61,15616,140,30,140,4.5,82,3.3,0,206.35,221.2,206.36330316742192,221.170859728508
671.0,11:11,221.3,206.5,250,51,51,50,61,15616,140,30,140,4.5,82,3.2,0,206.5,221.3,206.51837104072513,221.27619909502386
672.0,11:12,221.4,206.7,250,51,51,50,61,15616,140,30,140,4.5,82,3.2,0,206.7,221.4,206.6695022624436,221.3835197155787
673.0,11:13,221.5,206.8,250,51,51,50,61,15616,140,30,140,4.6,83,3.2,0,206.8,221.5,206.8202707749768,221.4911994541408
674.0,11:14,221.6,207.0,250,51,51,50,61,15616,140,30,140,4.5,82,3.3,0,207.0,221.6,206.97121076635793,221.59990447461047
675.0,11:15,221.7,207.1,250,51,51,50,61,15616,139,30,140,4.6,82,3.3,0,207.1,221.7,207.12285642462123,221.71030094088925
676.0,11:16,221.8,207.3,250,51,51,50,61,15616,140,30,140,4.6,83,3.3,0,207.3,221.8,207.27574193780083,221.82305501687856
677.0,11:17,221.9,207.4,250,51,51,50,61,15616,141,19,140,4.7,84,3.3,0,207.4,221.9,207.43040149393096,221.93883286647983
678.0,11:18,222.1,207.6,250,51,51,50,61,15616,133,19,140,4.7,84,3.4,0,207.6,222.1,207.5873692810458,222.05830065359453
