seconds,time,air,beans,air_sp,power,power_sp,speed,coolfan_speed,stirrer_speed,pressure,pressure_fan_speed,pressure_sp,ror,ror_f,computed_air_ror
0,00:00,178.7,173.2,180,10,11,50,61,15616,99,19,100,1.4,26,-1.8
1,00:01,178.8,173.2,180,10,11,50,61,15616,96,19,100,5.5,99,1.9
2,00:02,178.8,172.3,180,10,11,50,61,15616,94,19,100,6.7,120,4.2
3,00:03,178.5,170.7,180,10,11,50,61,15616,94,19,100,2.2,40,4.3
4,00:04,177.9,167.4,180,10,11,50,61,15616,101,19,100,-8.1,-145,1.8
5,00:05,176.8,164.4,180,10,11,50,61,15616,103,19,100,-23.2,-417,-3.6
6,00:06,175.3,160.9,180,11,11,50,61,15616,95,19,100,-42,-757,-11.6
7,00:07,173.6,157.2,180,11,11,50,61,15616,93,19,100,-62.4,-1123,-21.2
8,00:08,173.6,157.2,180,11,11,50,61,15616,93,19,100,-62.4,-1123,-21.2
9,00:09,171.7,153.3,180,11,11,50,61,15616,93,19,100,-80.2,-1444,-31.2
10,00:10,169.6,149.3,180,11,11,50,61,15616,94,20,100,-94.3,-1698,-40.8
11,00:11,167.4,145.3,180,11,11,50,61,15616,94,20,100,-105.2,-1893,-49.1
12,00:12,165.2,141.3,180,11,11,50,61,15616,94,20,100,-112.7,-2028,-55.6
13,00:13,163,137.4,180,11,11,50,61,15616,95,20,100,-117.1,-2107,-60.2
14,00:14,160.8,133.5,180,11,11,50,61,15616,96,20,100,-119.4,-2149,-63.2
15,00:15,158.6,129.8,180,11,11,50,61,15616,96,20,100,-120.1,-2161,-65
16,00:16,156.4,126.1,180,11,11,50,61,15616,96,20,100,-119.2,-2145,-65.8
17,00:17,154.2,122.6,180,11,11,50,61,15616,95,20,100,-117.2,-2110,-66
18,00:18,152.1,119.3,180,11,11,50,61,15616,97,20,100,-114.7,-2064,-65.8
19,00:19,150.1,116.1,180,11,11,50,61,15616,98,20,100,-111.4,-2005,-65.1
20,00:20,148.2,113,180,11,11,50,61,15616,98,21,100,-107.5,-1935,-63.8
21,00:21,145.8,110.1,180,11,11,50,61,15616,98,21,100,-98.9,-1781,-63.3
22,00:22,144.1,107.3,180,11,11,50,61,15616,99,21,100,-94.3,-1697,-62.3
23,00:23,142.4,104.7,180,11,11,50,61,15616,99,21,100,-89.8,-1616,-60.9
24,00:24,140.9,102.3,180,11,11,50,61,15616,100,21,100,-85.3,-1535,-58.1
25,00:25,139.4,99.2,180,11,11,50,61,15616,99,21,100,-80.7,-1453,-55.5
26,00:26,137.9,97.1,180,11,11,50,61,15616,101,21,100,-76.4,-1375,-51.7
27,00:27,136.6,95,180,11,11,50,61,15616,101,21,100,-72.2,-1300,-48.3
28,00:28,135.3,93.1,180,11,11,50,61,15616,101,21,100,-68,-1225,-45
29,00:29,134,91.4,180,11,11,50,61,15616,99,21,100,-63.9,-1151,-43
30,00:30,132.9,89.7,180,11,11,50,61,15616,98,21,100,-60.2,-1083,-41
31,00:31,131.8,88.2,220,11,11,50,61,15616,99,21,100,-56.3,-1014,-38.9
32,00:32,130.8,86.7,220,11,11,50,61,15616,100,21,100,-52.7,-948,-36.7
33,00:33,129.9,85.4,220,11,11,50,61,15616,100,21,100,-49.1,-883,-34.5
34,00:34,129,84.2,220,11,11,50,61,15616,101,21,100,-45.8,-824,-32.3
35,00:35,128.2,83,220,11,11,50,61,15616,99,21,100,-42.5,-765,-30.1
36,00:36,127.5,81.9,220,11,11,50,61,15616,100,21,100,-39.5,-711,-28
37,00:37,126.8,80.9,220,11,11,50,61,15616,101,21,100,-36.6,-658,-26
38,00:38,126.1,80.1,220,11,11,50,61,15616,101,21,100,-33.9,-610,-24.2
39,00:39,125.5,79.2,220,11,11,50,61,15616,101,21,100,-31.3,-563,-22.5
40,00:40,124.8,78.5,220,11,11,50,61,15616,99,21,100,-28.8,-518,-21.4
41,00:41,124.3,77.8,220,11,11,50,61,15616,99,21,100,-26.4,-476,-20.1
42,00:42,123.9,77.1,220,11,11,50,61,15616,101,21,100,-24.2,-435,-18.9
43,00:43,123.5,76.4,220,11,11,50,61,15616,101,21,100,-22.2,-399,-17.3
44,00:44,123.1,75.9,220,11,11,50,61,15616,100,21,100,-20.2,-364,-15.8
45,00:45,122.8,75.5,220,11,11,50,61,15616,100,21,100,-18.4,-332,-14.1
46,00:46,122.4,75.1,220,11,11,50,61,15616,99,21,100,-16.6,-299,-12.6
47,00:47,122.1,74.7,220,11,11,50,61,15616,101,21,100,-15,-270,-11.4
48,00:48,121.8,74.4,220,11,11,50,61,15616,100,21,100,-13.3,-240,-10.7
49,00:49,121.6,74.1,220,11,11,50,61,15616,100,21,100,-11.9,-214,-10
50,00:50,121.3,73.9,220,11,11,50,61,15616,101,21,100,-10.5,-189,-9.4
51,00:51,121.1,73.7,220,11,11,50,61,15616,100,20,100,-9.2,-165,-8.6
52,00:52,120.9,73.6,220,11,11,50,61,15616,101,20,100,-7.8,-141,-7.8
53,00:53,120.8,73.4,220,11,11,50,61,15616,101,20,100,-6.7,-120,-7
54,00:54,120.7,73.4,220,11,11,50,61,15616,100,20,100,-5.5,-100,-6.2
55,00:55,120.6,73.3,220,11,11,50,61,15616,100,20,100,-4.5,-80,-5.4
56,00:56,120.5,73.2,220,11,11,50,61,15616,100,20,100,-3.5,-63,-4.7
57,00:57,120.4,73.2,220,11,11,50,61,15616,99,20,100,-2.7,-48,-4
58,00:58,120.3,73.2,220,11,11,50,61,15616,100,20,100,-1.7,-31,-3.3
59,00:59,120.3,73.3,220,11,11,50,61,15616,101,20,100,-1,-18,-2.8
60,01:00,120.2,73.4,220,11,11,50,61,15616,102,20,100,-0.2,-3,-2.4
61,01:01,120.2,73.4,220,11,11,50,61,15616,100,20,100,0.5,9,-2
62,01:02,120.2,73.5,220,11,11,50,61,15616,99,20,100,1.2,21,-1.5
63,01:03,120.2,73.6,220,11,11,50,61,15616,101,20,100,1.9,33,-1.1
64,01:04,120.2,73.8,220,11,11,50,61,15616,100,20,100,2.4,44,-0.7
65,01:05,120.2,73.9,220,11,11,50,61,15616,100,20,100,2.9,52,-0.4
66,01:06,120.2,74.1,220,11,11,50,61,15616,101,20,100,3.4,62,-0.1
67,01:07,120.3,74.2,220,11,11,50,61,15616,100,20,100,3.9,70,0.1
68,01:08,120.3,74.4,220,11,11,50,61,15616,99,20,100,4.1,74,0.4
69,01:09,120.4,74.6,220,11,11,50,61,15616,101,20,100,4.6,83,0.7
70,01:10,120.5,74.8,220,11,11,50,61,15616,99,20,100,4.9,89,1.1
71,01:11,120.6,75,220,90,90,50,61,15616,99,20,100,5.3,95,1.5
72,01:12,120.6,75.2,220,90,90,50,61,15616,99,20,100,5.6,100,1.9
73,01:13,120.8,75.4,220,90,90,50,61,15616,101,20,100,5.9,107,2.3
74,01:14,121,75.7,220,90,90,50,61,15616,101,20,100,6.1,110,2.8
75,01:15,121.2,75.9,220,90,90,50,61,15616,100,20,100,6.4,115,3.5
76,01:16,121.4,76.1,220,90,90,50,61,15616,100,20,100,6.7,120,4.3
77,01:17,121.7,76.4,220,90,90,50,61,15616,100,20,100,6.9,124,5.3
78,01:18,122,76.7,220,90,90,50,61,15616,100,20,100,7.2,129,6.3
79,01:19,122.5,76.9,220,90,90,50,61,15616,100,20,100,7.4,133,7.7
80,01:20,122.9,77.2,220,90,90,50,61,15616,100,20,100,7.6,137,8.9
81,01:21,123.3,77.5,220,90,90,50,61,15616,99,20,100,7.8,140,10.2
82,01:22,123.7,77.8,220,90,90,50,61,15616,100,20,100,8.1,145,11.1
83,01:23,124.1,78.1,220,90,90,50,61,15616,99,20,100,8.2,148,11.9
84,01:24,124.6,78.4,220,90,90,50,61,15616,100,20,100,8.4,151,12.4
85,01:25,125,78.8,220,90,90,50,61,15616,100,20,100,8.6,156,12.6
86,01:26,125.4,79.1,220,90,90,50,61,15616,101,20,100,8.8,159,12.8
87,01:27,125.9,79.4,220,90,90,50,61,15616,101,20,100,9,162,12.9
88,01:28,126.3,79.7,220,90,90,50,61,15616,101,20,100,9.2,166,12.9
89,01:29,126.6,80.1,220,90,90,50,61,15616,100,20,100,9.6,172,12.8
90,01:30,127,80.4,220,90,90,50,61,15616,100,20,100,9.8,177,12.5
91,01:31,127.4,80.7,220,90,90,50,61,15616,99,20,100,10,180,12.1
92,01:32,127.7,81.1,220,90,90,50,61,15616,99,20,100,10.2,184,11.6
93,01:33,128.1,81.5,220,90,90,50,61,15616,100,20,100,10.4,187,11.2
94,01:34,128.4,81.8,220,90,90,50,61,15616,100,20,100,10.5,189,10.9
95,01:35,128.8,82.2,220,90,90,50,61,15616,100,20,100,10.6,191,10.8
96,01:36,129.2,82.5,220,90,90,50,61,15616,101,20,100,10.7,192,10.8
97,01:37,129.6,82.9,220,90,90,50,61,15616,101,20,100,10.8,195,10.9
98,01:38,130,83.3,220,90,90,50,61,15616,101,20,100,10.9,196,11.1
99,01:39,130.5,83.6,220,90,90,50,61,15616,100,20,100,10.9,196,11.7
100,01:40,131,84,220,90,90,50,61,15616,99,20,100,10.9,197,12.3
101,01:41,131.4,84.4,220,90,90,50,61,15616,99,20,100,11,198,12.9
102,01:42,131.8,84.9,220,90,90,50,61,15616,101,20,100,11,199,13.1
103,01:43,132.1,85.2,220,90,90,50,61,15616,100,20,100,11.2,202,13.1
104,01:44,132.5,85.6,220,90,90,50,61,15616,100,20,100,11.2,202,12.6
105,01:45,132.9,86,220,90,90,50,61,15616,100,20,100,11.3,204,12
106,01:46,133.2,86.4,220,90,90,50,61,15616,99,20,100,11.3,204,11.3
107,01:47,133.6,86.8,220,90,90,50,61,15616,100,20,100,11.4,206,11.1
108,01:48,133.9,87.2,220,90,90,50,61,15616,100,20,100,11.5,206,10.9
109,01:49,134.3,87.5,220,90,90,50,61,15616,100,20,100,11.6,208,10.8
110,01:50,134.6,87.9,220,90,90,50,61,15616,101,20,100,11.5,207,10.6
111,01:51,134.9,88.3,220,90,90,50,61,15616,101,20,100,11.6,209,10.4
112,01:52,135.2,88.7,220,90,90,50,61,15616,99,20,100,11.6,209,10
113,01:53,135.4,89.1,220,90,90,50,61,15616,99,20,100,11.6,208,9.5
114,01:54,135.7,89.4,220,90,90,50,61,15616,100,20,100,11.5,208,9
115,01:55,135.9,89.8,220,90,90,50,61,15616,99,20,100,11.6,208,8.4
116,01:56,136.2,90.2,220,90,90,50,61,15616,100,20,100,11.5,207,8
117,01:57,136.4,90.6,220,90,90,50,61,15616,100,20,100,11.5,207,7.8
118,01:58,136.6,90.9,220,90,90,50,61,15616,100,20,100,11.5,208,7.5
119,01:59,136.9,91.3,220,90,90,50,61,15616,100,20,100,11.5,206,7.4
120,02:00,137.3,91.7,220,90,90,50,61,15616,99,20,100,11.6,208,7.6
121,02:01,137.6,92.1,220,90,90,50,61,15616,99,20,100,11.6,209,8
122,02:02,137.9,92.5,220,90,90,50,61,15616,99,20,100,11.6,208,8.6
123,02:03,138.2,92.9,220,90,90,50,61,15616,100,20,100,11.6,209,9
124,02:04,138.6,93.4,220,90,90,50,61,15616,100,20,100,11.7,210,9.5
125,02:05,138.9,93.7,220,90,90,50,61,15616,99,20,100,11.6,209,9.7
126,02:06,139.2,94.1,220,90,90,50,61,15616,100,20,100,11.5,208,9.7
127,02:07,139.5,94.5,220,90,90,50,61,15616,102,20,100,11.5,206,9.4
128,02:08,139.8,94.9,220,90,90,50,61,15616,101,20,100,11.4,205,9.4
129,02:09,140.1,95.2,220,90,90,50,61,15616,101,20,100,11.3,203,9.4
130,02:10,140.4,95.6,220,90,90,50,61,15616,100,20,100,11.2,202,9.4
131,02:11,140.8,96,220,90,90,50,61,15616,100,20,100,11.2,201,9.4
132,02:12,141,96.3,220,90,90,50,61,15616,100,20,100,11.1,200,9.4
133,02:13,141.3,96.7,220,90,90,50,61,15616,101,20,100,11.1,199,9.4
134,02:14,141.6,97,220,90,90,50,61,15616,100,20,100,11,198,9.1
135,02:15,141.9,97.4,220,90,90,50,61,15616,100,20,100,10.9,196,8.9
136,02:16,141.9,97.4,220,90,90,50,61,15616,100,20,100,10.9,196,8.9
137,02:17,142.4,98.1,220,90,90,50,61,15616,99,20,100,10.8,195,8.5
138,02:18,142.4,98.1,220,90,90,50,61,15616,99,20,100,10.8,195,8.5
139,02:19,142.7,98.4,220,90,90,50,61,15616,101,20,100,10.7,193,8.3
140,02:20,143,98.8,220,90,90,50,61,15616,101,20,100,10.6,191,8.2
141,02:21,143.3,99.1,220,90,90,50,61,15616,100,20,100,10.7,193,8.3
142,02:22,143.6,99.5,220,90,90,50,61,15616,100,20,100,10.7,192,8.4
143,02:23,143.9,99.9,220,90,90,50,61,15616,101,20,100,10.5,190,8.7
144,02:24,144.2,100.2,220,90,90,50,61,15616,101,20,100,10.6,191,8.9
145,02:25,144.5,100.7,220,90,90,50,61,15616,101,20,100,10.7,193,9.2
146,02:26,144.8,101,220,90,90,50,61,15616,101,19,100,10.6,190,9.3
147,02:27,145.1,101.3,220,90,90,50,61,15616,101,19,100,10.6,190,9.3
148,02:28,145.4,101.7,220,90,90,50,61,15616,100,19,100,10.6,191,9
149,02:29,145.6,102,220,90,90,50,61,15616,99,19,100,10.4,188,8.8
150,02:30,145.8,102.4,220,90,90,50,61,15616,99,19,100,10.4,187,8.3
151,02:31,146,102.7,220,90,90,50,61,15616,100,19,100,10.3,185,7.8
152,02:32,146.3,103,220,90,90,50,61,15616,99,19,100,10.3,185,7.2
153,02:33,146.5,103.4,220,90,90,50,61,15616,100,19,100,10.3,185,6.8
154,02:34,146.6,103.7,220,90,90,50,61,15616,100,19,100,10.3,185,6.4
155,02:35,146.8,104.1,220,90,90,50,61,15616,101,19,100,10.3,186,6.1
156,02:36,147,104.4,220,90,90,50,61,15616,100,19,100,10.4,187,5.9
157,02:37,147.2,104.7,220,90,90,50,61,15616,101,19,100,10.3,185,5.7
158,02:38,147.4,105.1,220,90,90,50,61,15616,99,19,100,10.3,185,5.6
159,02:39,147.6,105.4,220,90,90,50,61,15616,99,19,100,10.2,184,5.5
160,02:40,147.7,105.7,220,90,90,50,61,15616,99,20,100,10.1,181,5.5
161,02:41,147.9,106.1,220,90,90,50,61,15616,100,20,100,9.9,179,5.5
162,02:42,148.1,106.4,220,90,90,50,61,15616,100,20,100,10,179,5.4
163,02:43,148.2,106.8,220,90,90,50,61,15616,100,20,100,9.9,178,5.4
164,02:44,148.5,107.1,220,90,90,50,61,15616,102,20,100,9.8,176,5.4
165,02:45,148.7,107.5,220,90,90,50,61,15616,101,19,100,9.7,175,5.4
166,02:46,148.9,107.8,220,90,90,50,61,15616,101,19,100,9.8,176,5.6
167,02:47,149.1,108.1,220,90,90,50,61,15616,99,19,100,9.8,176,5.7
168,02:48,149.3,108.4,220,90,90,50,61,15616,99,19,100,9.7,175,6
169,02:49,149.5,108.7,220,90,90,50,61,15616,100,19,100,9.6,173,6.1
170,02:50,149.7,109,220,90,90,50,61,15616,99,20,100,9.6,173,6.3
171,02:51,149.9,109.3,220,90,90,50,61,15616,98,20,100,9.6,172,6.3
172,02:52,150.1,109.6,220,90,90,50,61,15616,100,20,100,9.4,170,6.2
173,02:53,150.3,110,220,90,90,50,61,15616,101,20,100,9.4,169,6.1
174,02:54,150.5,110.3,220,90,90,50,61,15616,101,20,100,9.4,170,6
175,02:55,150.7,110.6,220,90,90,50,61,15616,100,19,100,9.4,169,5.9
176,02:56,150.9,110.9,220,90,90,50,61,15616,100,19,100,9.3,167,5.8
177,02:57,151.1,111.2,220,90,90,50,61,15616,100,19,100,9.3,167,5.8
178,02:58,151.3,111.5,220,90,90,50,61,15616,99,19,100,9.2,166,6
179,02:59,151.5,111.8,220,90,90,50,61,15616,100,20,100,9.1,164,6.1
180,03:00,151.7,112.1,220,90,90,50,61,15616,100,20,100,9,163,6.2
181,03:01,151.9,112.3,220,90,90,50,61,15616,101,19,100,9,163,6.2
182,03:02,152.1,112.7,220,90,90,50,61,15616,101,19,100,8.9,161,6.2
183,03:03,152.3,113,220,90,90,50,61,15616,100,19,100,9,161,6.1
184,03:04,152.5,113.3,220,90,90,50,61,15616,101,19,100,8.9,161,5.9
185,03:05,152.7,113.6,220,90,90,50,61,15616,99,19,100,8.9,161,5.8
186,03:06,152.9,113.9,220,90,90,50,61,15616,100,19,100,8.9,160,5.8
187,03:07,153,114.2,220,90,90,50,61,15616,99,19,100,9,162,5.8
188,03:08,153.3,114.5,220,90,90,50,61,15616,99,19,100,8.9,160,5.8
189,03:09,153.5,114.8,220,90,90,50,61,15616,99,20,100,8.9,160,5.8
190,03:10,153.6,115.1,220,90,90,50,61,15616,100,20,100,8.9,160,5.8
191,03:11,153.8,115.4,220,90,90,50,61,15616,100,20,100,8.9,160,5.8
192,03:12,154,115.7,220,90,90,50,61,15616,102,20,100,8.8,158,5.8
193,03:13,154.2,116,220,90,90,50,61,15616,101,19,100,8.9,159,5.8
194,03:14,154.4,116.2,220,90,90,50,61,15616,100,19,100,8.8,158,5.7
195,03:15,154.6,116.5,220,90,90,50,61,15616,100,19,100,8.8,158,5.7
196,03:16,154.7,116.8,220,90,90,50,61,15616,100,19,100,8.7,157,5.5
197,03:17,154.9,117.1,220,90,90,50,61,15616,100,19,100,8.7,157,5.5
198,03:18,155.1,117.4,220,90,90,50,61,15616,101,19,100,8.6,155,5.4
199,03:19,155.2,117.7,220,90,90,50,61,15616,100,19,100,8.6,155,5.3
200,03:20,155.5,118,220,90,90,50,61,15616,100,19,100,8.6,155,5.3
201,03:21,155.6,118.3,220,90,90,50,61,15616,100,19,100,8.6,154,5.3
202,03:22,155.8,118.5,220,90,90,50,61,15616,100,19,100,8.6,154,5.4
203,03:23,156,118.8,220,90,90,50,61,15616,101,19,100,8.6,154,5.4
204,03:24,156.2,119.2,220,90,90,50,61,15616,100,19,100,8.5,153,5.5
205,03:25,156.4,119.4,220,90,90,50,61,15616,99,19,100,8.4,152,5.5
206,03:26,156.6,119.7,220,90,90,50,61,15616,99,19,100,8.4,150,5.6
207,03:27,156.8,120,220,90,90,50,61,15616,99,19,100,8.3,149,5.5
208,03:28,156.9,120.2,220,90,90,50,61,15616,99,20,100,8.2,148,5.6
209,03:29,157.1,120.5,220,90,90,50,61,15616,101,20,100,8.2,148,5.5
210,03:30,157.3,120.8,220,90,90,50,61,15616,101,19,100,8.3,149,5.5
211,03:31,157.5,121,220,90,90,50,61,15616,100,19,100,8.2,147,5.5
212,03:32,157.7,121.3,220,90,90,50,61,15616,100,19,100,8.1,146,5.5
213,03:33,157.9,121.6,220,90,90,50,61,15616,100,19,100,8.2,148,5.6
214,03:34,158.1,121.9,220,90,90,50,61,15616,99,19,100,8.2,147,5.8
215,03:35,158.3,122.1,220,90,90,50,61,15616,101,19,100,8,145,5.8
216,03:36,158.5,122.4,220,90,90,50,61,15616,100,19,100,8.1,146,5.9
217,03:37,158.7,122.7,220,90,90,50,61,15616,99,19,100,8.2,148,5.9
218,03:38,158.9,122.9,220,90,90,50,61,15616,99,20,100,8,145,5.9
219,03:39,159.1,123.2,220,90,90,50,61,15616,100,20,100,8,145,5.8
220,03:40,159.3,123.5,220,90,90,50,61,15616,100,19,100,8.2,148,6
221,03:41,159.5,123.7,220,90,90,50,61,15616,100,19,100,8.1,147,6.1
222,03:42,159.7,124,220,90,90,50,61,15616,100,19,100,8,145,6.2
223,03:43,159.9,124.3,220,90,90,50,61,15616,100,19,100,8,145,6.2
224,03:44,160.1,124.6,220,90,90,50,61,15616,99,20,100,7.9,142,6.2
225,03:45,160.3,124.8,220,90,90,50,61,15616,100,20,100,7.7,138,6.1
226,03:46,160.5,125.1,220,90,90,50,61,15616,100,20,100,7.7,138,5.8
227,03:47,160.7,125.3,220,90,90,50,61,15616,100,20,100,7.7,138,5.7
228,03:48,160.9,125.6,220,90,90,50,61,15616,99,20,100,7.7,138,5.8
229,03:49,161.1,125.9,220,90,90,50,61,15616,100,20,100,7.8,141,6
230,03:50,161.3,126.1,220,90,90,50,61,15616,101,20,100,7.9,142,6.1
231,03:51,161.5,126.4,220,90,90,50,61,15616,100,20,100,7.8,140,6.2
232,03:52,161.7,126.6,220,90,90,50,61,15616,101,20,100,7.7,138,6.2
233,03:53,161.9,126.8,220,90,90,50,61,15616,99,20,100,7.7,138,6.2
234,03:54,162.1,127.1,220,90,90,50,61,15616,99,20,100,7.5,136,6.2
235,03:55,162.3,127.3,220,90,90,50,61,15616,99,20,100,7.5,135,6.1
236,03:56,162.5,127.6,220,90,90,50,61,15616,99,20,100,7.5,135,6.1
237,03:57,162.7,127.8,220,90,90,50,61,15616,99,20,100,7.5,135,6
238,03:58,162.9,128.1,220,90,90,50,61,15616,100,20,100,7.4,133,6
239,03:59,163.1,128.3,220,90,90,50,61,15616,100,20,100,7.5,135,5.9
240,04:00,163.3,128.6,220,90,90,50,61,15616,100,20,100,7.4,132,5.8
241,04:01,163.5,128.8,220,90,90,50,61,15616,100,20,100,7.4,134,5.9
242,04:02,163.8,129.1,220,90,90,50,61,15616,100,20,100,7.4,133,6.1
243,04:03,164,129.3,220,90,90,50,61,15616,100,20,100,7.4,134,6.4
244,04:04,164.2,129.5,220,90,90,50,61,15616,100,20,100,7.3,132,6.6
245,04:05,164.5,129.8,220,90,90,50,61,15616,99,20,100,7.3,132,7
246,04:06,164.7,130.1,220,90,90,50,61,15616,100,20,100,7.2,130,7.2
247,04:07,165,130.3,220,90,90,50,61,15616,100,20,100,7.3,131,7.4
248,04:08,165.3,130.5,220,90,90,50,61,15616,100,20,100,7.2,129,7.5
249,04:09,165.5,130.8,220,90,90,50,61,15616,100,20,100,7.1,128,7.6
250,04:10,165.8,131,220,90,90,50,61,15616,99,20,100,7.1,127,7.6
251,04:11,166,131.2,220,90,90,50,61,15616,100,20,100,7,126,7.6
252,04:12,166.3,131.5,220,90,90,50,61,15616,100,20,100,7,126,7.6
253,04:13,166.5,131.7,220,90,90,50,61,15616,100,20,100,7,126,7.6
254,04:14,166.8,131.9,220,90,90,50,61,15616,100,20,100,7.1,127,7.5
255,04:15,167,132.2,220,90,90,50,61,15616,100,20,100,7.1,127,7.4
256,04:16,167.3,132.4,220,90,90,50,61,15616,100,20,100,7.1,127,7.4
257,04:17,167.5,132.6,220,90,90,50,61,15616,101,20,100,7,125,7.4
258,04:18,167.7,132.9,220,90,90,50,61,15616,102,20,100,6.9,125,7.4
259,04:19,168,133.1,220,90,90,50,61,15616,102,20,100,6.8,123,7.4
260,04:20,168.2,133.3,220,90,90,50,61,15616,101,20,100,6.8,123,7.5
261,04:21,168.5,133.5,220,90,90,50,61,15616,101,20,100,6.8,122,7.5
262,04:22,168.8,133.8,220,90,90,50,61,15616,100,20,100,6.8,123,7.5
263,04:23,169,134,220,90,90,50,61,15616,100,20,100,6.8,122,7.5
264,04:24,169.2,134.2,220,90,90,50,61,15616,99,20,100,6.8,122,7.4
265,04:25,169.4,134.4,220,90,90,50,61,15616,98,20,100,6.8,122,7.1
266,04:26,169.6,134.7,220,90,90,50,61,15616,100,20,100,6.7,121,6.9
267,04:27,169.8,134.9,220,90,90,50,61,15616,100,20,100,6.6,120,6.7
268,04:28,170,135.1,220,90,90,50,61,15616,101,20,100,6.6,119,6.4
269,04:29,170.2,135.3,220,90,90,50,61,15616,101,20,100,6.7,120,6.1
270,04:30,170.4,135.5,220,90,90,50,61,15616,102,20,100,6.6,119,6
271,04:31,170.5,135.7,220,90,90,50,61,15616,101,20,100,6.6,118,5.8
272,04:32,170.7,136,220,90,90,50,61,15616,101,19,100,6.5,118,5.7
273,04:33,170.9,136.2,220,90,90,50,61,15616,100,19,100,6.5,117,5.5
274,04:34,171.1,136.4,220,90,90,50,61,15616,101,19,100,6.4,115,5.4
275,04:35,171.1,136.4,220,90,90,50,61,15616,101,19,100,6.4,115,5.4
276,04:36,171.2,136.6,220,90,90,50,61,15616,100,19,100,6.4,115,5.3
277,04:37,171.4,136.8,220,90,90,50,61,15616,100,19,100,6.4,114,5.2
278,04:38,171.6,137,220,90,90,50,61,15616,100,19,100,6.3,114,5.1
279,04:39,171.7,137.2,220,90,90,50,61,15616,100,19,100,6.3,114,5.1
280,04:40,171.9,137.4,220,90,90,50,61,15616,100,19,100,6.3,113,5
281,04:41,172,137.6,220,90,90,50,61,15616,100,19,100,6.3,113,5
282,04:42,172.2,137.9,220,90,90,50,61,15616,100,19,100,6.3,114,4.9
283,04:43,172.4,138.1,220,90,90,50,61,15616,99,19,100,6.3,114,4.8
284,04:44,172.5,138.3,220,90,90,50,61,15616,99,19,100,6.3,113,4.7
285,04:45,172.7,138.5,220,90,90,50,61,15616,100,20,100,6.3,113,4.6
286,04:46,172.8,138.7,220,90,90,50,61,15616,99,20,100,6.3,113,4.6
287,04:47,172.9,138.9,220,90,90,50,61,15616,99,20,100,6.2,112,4.6
288,04:48,173.1,139.1,220,90,90,50,61,15616,101,20,100,6.1,110,4.4
289,04:49,173.2,139.3,220,90,90,50,61,15616,102,20,100,6.2,112,4.3
290,04:50,173.3,139.5,220,90,90,50,61,15616,101,19,100,6.1,110,4.2
291,04:51,173.4,139.7,220,90,90,50,61,15616,100,19,100,6.2,111,4
292,04:52,173.6,139.9,220,90,90,50,61,15616,100,19,100,6.1,110,3.9
293,04:53,173.7,140.1,220,90,90,50,61,15616,100,19,100,6.1,109,3.7
294,04:54,173.8,140.3,220,90,90,50,61,15616,99,20,100,6,108,3.6
295,04:55,173.9,140.5,220,90,90,50,61,15616,100,20,100,5.9,106,3.6
296,04:56,174.1,140.7,220,90,90,50,61,15616,100,20,100,5.8,105,3.6
297,04:57,174.2,140.9,220,90,90,50,61,15616,101,19,100,5.8,105,3.6
298,04:58,174.3,141.1,220,90,90,50,61,15616,102,19,100,5.8,105,3.7
299,04:59,174.5,141.3,220,90,90,50,61,15616,101,19,100,5.8,104,3.9
300,05:00,174.6,141.5,220,90,90,50,61,15616,101,19,100,5.8,104,4
301,05:01,174.8,141.7,220,90,90,50,61,15616,100,19,100,5.8,104,4.2
302,05:02,174.9,141.9,220,90,90,50,61,15616,99,19,100,5.8,104,4.3
303,05:03,175.1,142.1,220,90,90,50,61,15616,99,19,100,5.8,104,4.4
304,05:04,175.3,142.3,220,90,90,50,61,15616,99,19,100,5.8,104,4.6
305,05:05,175.4,142.4,220,90,90,50,61,15616,100,19,100,5.9,106,4.8
306,05:06,175.6,142.6,220,90,90,50,61,15616,100,19,100,5.9,107,5
307,05:07,175.8,142.8,220,90,90,50,61,15616,100,19,100,5.9,106,5.1
308,05:08,176,143.1,220,90,90,50,61,15616,100,19,100,5.9,106,5.2
309,05:09,176.1,143.3,220,90,90,50,61,15616,101,19,100,5.8,105,5.2
310,05:10,176.3,143.4,220,90,90,50,61,15616,101,19,100,5.8,104,5.1
311,05:11,176.5,143.6,220,90,90,50,61,15616,99,19,100,5.6,101,5.1
312,05:12,176.6,143.8,220,90,90,50,61,15616,100,19,100,5.7,102,5.1
313,05:13,176.8,144,220,90,90,50,61,15616,99,19,100,5.6,101,5
314,05:14,176.9,144.2,220,90,90,50,61,15616,99,20,100,5.6,101,4.9
315,05:15,177.1,144.4,220,90,90,50,61,15616,99,20,100,5.6,101,4.8
316,05:16,177.2,144.5,220,90,90,50,61,15616,99,20,100,5.6,101,4.7
317,05:17,177.3,144.7,220,90,90,50,61,15616,101,20,100,5.6,100,4.5
318,05:18,177.5,144.9,220,90,90,50,61,15616,100,20,100,5.6,101,4.3
319,05:19,177.6,145.1,220,90,90,50,61,15616,100,20,100,5.5,99,4.2
320,05:20,177.7,145.3,220,90,90,50,61,15616,100,20,100,5.4,98,4.1
321,05:21,177.8,145.5,220,90,90,50,61,15616,101,20,100,5.5,99,3.9
322,05:22,177.9,145.6,220,90,90,50,61,15616,101,19,100,5.5,99,3.5
323,05:23,177.9,145.8,220,90,90,50,61,15616,100,19,100,5.4,98,3
324,05:24,177.9,146,220,90,90,50,61,15616,100,19,100,5.4,98,2.4
325,05:25,177.9,146.2,220,90,90,50,61,15616,100,19,100,5.4,98,1.7
326,05:26,177.9,146.3,220,90,90,50,61,15616,100,19,100,5.4,97,1.1
327,05:27,177.9,146.5,220,90,90,50,61,15616,99,20,100,5.3,95,0.6
328,05:28,177.9,146.7,220,90,90,50,61,15616,100,20,100,5.3,95,0.2
329,05:29,177.9,146.9,220,90,90,50,61,15616,101,19,100,5.3,95,0.1
330,05:30,177.9,147.1,220,90,90,50,61,15616,100,19,100,5.3,95,0
331,05:31,177.9,147.2,220,85,85,50,61,15616,101,19,100,5.3,95,0
332,05:32,177.9,147.4,220,85,85,50,61,15616,100,19,100,5.1,92,0.1
333,05:33,177.9,147.6,220,85,85,50,61,15616,101,19,100,5.1,91,0.2
334,05:34,177.9,147.8,220,85,85,50,61,15616,101,19,100,5.1,92,0.3
335,05:35,178,148,220,85,85,50,61,15616,101,19,100,5.2,94,0.4
336,05:36,178,148.1,220,85,85,50,61,15616,99,19,100,5.3,95,0.5
337,05:37,178,148.3,220,85,85,50,61,15616,99,19,100,5.4,97,0.5
338,05:38,178,148.5,220,85,85,50,61,15616,99,19,100,5.4,98,0.5
339,05:39,178.1,148.7,220,85,85,50,61,15616,99,19,100,5.4,98,0.6
340,05:40,178.1,148.8,220,85,85,50,61,15616,100,19,100,5.3,95,0.8
341,05:41,178.2,149,220,85,85,50,61,15616,101,19,100,5.3,95,1
342,05:42,178.3,149.2,220,85,85,50,61,15616,100,19,100,5.2,94,1.2
343,05:43,178.4,149.4,220,85,85,50,61,15616,100,19,100,5.3,96,1.6
344,05:44,178.4,149.6,220,85,85,50,61,15616,100,19,100,5.4,98,1.9
345,05:45,178.5,149.7,220,85,85,50,61,15616,101,19,100,5.4,98,2.2
346,05:46,178.7,149.9,220,85,85,50,61,15616,101,19,100,5.4,98,2.5
347,05:47,178.8,150.1,220,85,85,50,61,15616,99,19,100,5.5,99,2.8
348,05:48,178.9,150.3,220,85,85,50,61,15616,99,19,100,5.5,99,3
349,05:49,179,150.5,220,85,85,50,61,15616,99,19,100,5.4,98,3.2
350,05:50,179.1,150.7,220,85,85,50,61,15616,101,19,100,5.5,98,3.3
351,05:51,179.2,150.9,220,85,85,50,61,15616,102,19,100,5.5,98,3.4
352,05:52,179.4,151,220,85,85,50,61,15616,101,19,100,5.4,97,3.5
353,05:53,179.5,151.2,220,85,85,50,61,15616,101,19,100,5.3,95,3.5
354,05:54,179.6,151.4,220,85,85,50,61,15616,101,19,100,5.3,95,3.5
355,05:55,179.7,151.6,220,85,85,50,61,15616,101,19,100,5.3,95,3.5
356,05:56,179.8,151.7,220,85,85,50,61,15616,101,19,100,5.3,95,3.5
357,05:57,179.9,151.9,220,85,85,50,61,15616,101,19,100,5.3,95,3.5
358,05:58,180.1,152.1,220,85,85,50,61,15616,100,19,100,5.3,95,3.5
359,05:59,180.2,152.2,220,85,85,50,61,15616,99,19,100,5.1,92,3.5
360,06:00,180.3,152.4,220,85,85,50,61,15616,97,19,100,5.1,92,3.5
361,06:01,180.4,152.6,220,85,85,50,61,15616,98,19,110,5.1,92,3.5
362,06:02,180.5,152.7,220,85,85,50,61,15616,98,19,110,5,90,3.5
363,06:03,180.6,152.9,220,85,85,50,61,15616,99,19,110,4.9,89,3.5
364,06:04,180.8,153.1,220,85,85,50,61,15616,100,19,110,5.1,92,3.5
365,06:05,180.9,153.3,220,85,85,50,61,15616,100,19,110,5.1,92,3.5
366,06:06,181,153.4,220,85,85,50,61,15616,99,19,110,5.1,92,3.6
367,06:07,181.2,153.6,220,85,85,50,61,15616,100,19,110,5.2,94,3.8
368,06:08,181.4,153.8,220,85,85,50,61,15616,102,20,110,5.3,95,4
369,06:09,181.5,154,220,85,85,50,61,15616,101,20,110,5.3,95,4.3
370,06:10,181.7,154.1,220,85,85,50,61,15616,102,20,110,5.3,95,4.4
371,06:11,181.8,154.3,220,85,85,50,61,15616,102,20,110,5.4,97,4.6
372,06:12,181.9,154.6,220,85,85,50,61,15616,104,20,110,5.5,98,4.6
373,06:13,182.1,154.7,220,85,85,50,61,15616,103,20,110,5.5,99,4.5
374,06:14,182.2,154.9,220,85,85,50,61,15616,103,20,110,5.5,98,4.4
375,06:15,182.4,155.1,220,85,85,50,61,15616,104,20,110,5.5,98,4.5
376,06:16,182.6,155.3,220,85,85,50,61,15616,104,20,110,5.4,97,4.6
377,06:17,182.7,155.4,220,85,85,50,61,15616,104,20,110,5.3,95,4.6
378,06:18,182.9,155.6,220,85,85,50,61,15616,105,21,110,5.2,93,4.6
379,06:19,183,155.8,220,85,85,50,61,15616,106,21,110,5.1,92,4.7
380,06:20,183.2,155.9,220,85,85,50,61,15616,105,21,110,5.1,92,4.7
381,06:21,183.3,156.1,220,85,85,50,61,15616,105,21,110,5.1,92,4.7
382,06:22,183.5,156.3,220,85,85,50,61,15616,106,21,110,5.1,92,4.6
383,06:23,183.6,156.5,220,85,85,50,61,15616,107,21,110,5.3,95,4.6
384,06:24,183.8,156.6,220,85,85,50,61,15616,107,21,110,5.3,95,4.6
385,06:25,183.9,156.8,220,85,85,50,61,15616,107,21,110,5.1,93,4.5
386,06:26,184.1,157,220,85,85,50,61,15616,107,21,110,5.1,92,4.4
387,06:27,184.2,157.1,220,85,85,50,61,15616,107,21,110,5.1,92,4.4
388,06:28,184.4,157.3,220,85,85,50,61,15616,108,22,110,5,89,4.6
389,06:29,184.6,157.4,220,85,85,50,61,15616,107,22,110,5,89,4.7
390,06:30,184.8,157.6,220,85,85,50,61,15616,108,22,110,4.9,89,4.8
391,06:31,184.9,157.8,220,85,85,50,61,15616,109,22,110,4.9,89,4.9
392,06:32,185.1,158,220,85,85,50,61,15616,108,22,110,4.8,87,5
393,06:33,185.3,158.2,220,85,85,50,61,15616,110,22,110,4.9,89,5
394,06:34,185.4,158.3,220,85,85,50,61,15616,110,22,110,4.9,89,5.1
395,06:35,185.6,158.5,220,85,85,50,61,15616,110,22,110,5.1,92,5.1
396,06:36,185.8,158.6,220,85,85,50,61,15616,111,22,110,5,90,5.1
397,06:37,185.9,158.8,220,85,85,50,61,15616,111,22,110,5.1,91,5.1
398,06:38,186.1,159,220,85,85,50,61,15616,111,22,110,5.1,92,5.1
399,06:39,186.3,159.2,220,85,85,50,61,15616,110,22,110,5.1,92,5
400,06:40,186.4,159.3,220,85,85,50,61,15616,110,22,110,5.1,92,4.9
401,06:41,186.6,159.5,220,85,85,50,61,15616,110,22,110,5.2,94,4.8
402,06:42,186.7,159.7,220,85,85,50,61,15616,109,22,110,5.3,95,4.8
403,06:43,186.9,159.9,220,85,85,50,61,15616,110,22,110,5.3,95,4.8
404,06:44,187,160,220,85,85,50,61,15616,110,22,110,5.3,95,4.7
405,06:45,187.2,160.2,220,85,85,50,61,15616,111,22,110,5.3,95,4.7
406,06:46,187.3,160.4,220,85,85,50,61,15616,110,22,110,5.3,95,4.6
407,06:47,187.5,160.6,220,85,85,50,61,15616,112,22,110,5.3,95,4.7
408,06:48,187.7,160.7,220,85,85,50,61,15616,111,22,110,5.3,95,4.8
409,06:49,187.9,160.9,220,85,85,50,61,15616,110,22,110,5.3,95,4.9
410,06:50,188,161.2,220,85,85,50,61,15616,109,22,110,5.3,95,5
411,06:51,188.2,161.4,220,85,85,50,61,15616,110,22,110,5.3,95,5
412,06:52,188.3,161.5,220,85,85,50,61,15616,111,22,110,5.4,97,4.8
413,06:53,188.5,161.7,220,85,85,50,61,15616,111,22,110,5.5,98,4.7
414,06:54,188.5,161.7,220,85,85,50,61,15616,111,22,110,5.5,98,4.7
415,06:55,188.6,161.9,220,85,85,50,61,15616,112,22,110,5.5,98,4.5
416,06:56,188.7,162.1,220,85,85,50,61,15616,111,22,110,5.5,98,4.4
417,06:57,188.9,162.2,220,85,85,50,61,15616,110,21,110,5.5,98,4.3
418,06:58,189,162.4,220,85,85,50,61,15616,109,21,110,5.4,97,4.2
419,06:59,189.1,162.6,220,85,85,50,61,15616,109,22,110,5.3,95,4.1
420,07:00,189.3,162.8,220,85,85,50,61,15616,109,22,110,5.3,95,4
421,07:01,189.4,162.9,220,85,85,50,61,15616,109,22,110,5.3,95,4
422,07:02,189.5,163.1,220,85,85,50,61,15616,110,22,110,5.3,95,4
423,07:03,189.7,163.3,220,85,85,50,61,15616,111,22,110,5.3,95,4.1
424,07:04,189.8,163.4,220,85,85,50,61,15616,111,22,110,5.2,94,4.3
425,07:05,190,163.6,220,85,85,50,61,15616,110,22,110,5.1,92,4.4
426,07:06,190.1,163.8,220,85,85,50,61,15616,109,22,110,5.1,92,4.4
427,07:07,190.3,164,220,85,85,50,61,15616,109,22,110,5.1,92,4.5
428,07:08,190.5,164.1,220,85,85,50,61,15616,109,22,110,5.2,94,4.7
429,07:09,190.7,164.3,220,85,85,50,61,15616,111,22,110,5.3,95,4.9
430,07:10,190.8,164.5,220,85,85,50,61,15616,110,22,110,5.3,96,5
431,07:11,191,164.7,220,85,85,50,61,15616,110,22,110,5.3,95,5
432,07:12,191.2,164.9,220,85,85,50,61,15616,110,22,110,5.3,95,5
433,07:13,191.3,165.1,220,85,85,50,61,15616,112,22,110,5.3,95,4.9
434,07:14,191.5,165.2,220,85,85,50,61,15616,112,22,110,5.3,95,4.8
435,07:15,191.6,165.4,220,85,85,50,61,15616,111,22,110,5.3,95,4.7
436,07:16,191.7,165.6,220,85,85,50,61,15616,110,22,110,5.3,95,4.6
437,07:17,191.9,165.8,220,85,85,50,61,15616,109,22,110,5.3,95,4.4
438,07:18,192,165.9,220,85,85,50,61,15616,109,22,110,5.3,95,4.3
439,07:19,192.2,166.1,220,85,85,50,61,15616,110,22,110,5.3,95,4.2
440,07:20,192.3,166.3,220,85,85,50,61,15616,111,22,110,5.1,92,4.2
441,07:21,192.4,166.4,220,85,85,50,61,15616,110,22,110,5.1,92,4.2
442,07:22,192.6,166.6,220,85,85,50,61,15616,111,22,110,5.1,92,4.3
443,07:23,192.7,166.8,220,85,85,50,61,15616,110,22,110,5.1,92,4.3
444,07:24,192.9,167,220,85,85,50,61,15616,110,22,110,5.1,92,4.4
445,07:25,193.1,167.1,220,85,85,50,61,15616,109,22,110,5.3,95,4.5
446,07:26,193.3,167.3,220,85,85,50,61,15616,110,22,110,5.3,95,4.7
447,07:27,193.4,167.5,220,85,85,50,61,15616,110,22,110,5.3,95,4.8
448,07:28,193.5,167.7,220,85,85,50,61,15616,111,22,110,5.3,95,4.9
449,07:29,193.7,167.8,220,85,85,50,61,15616,110,22,110,5.3,95,4.7
450,07:30,193.8,168.1,220,85,85,50,61,15616,110,22,110,5.3,95,4.6
451,07:31,194,168.2,220,81,81,50,61,15616,110,22,110,5.3,95,4.4
452,07:32,194.1,168.4,220,81,81,50,61,15616,110,22,110,5.3,95,4.3
453,07:33,194.2,168.6,220,81,81,50,61,15616,109,22,110,5.3,95,4.2
454,07:34,194.4,168.8,220,81,81,50,61,15616,109,22,110,5.3,95,4.2
455,07:35,194.5,168.9,220,81,81,50,61,15616,110,22,110,5.3,95,4.2
456,07:36,194.6,169.1,220,81,81,50,61,15616,110,22,110,5.3,95,4
457,07:37,194.7,169.3,220,81,81,50,61,15616,111,22,110,5.3,95,3.9
458,07:38,194.8,169.4,220,81,81,50,61,15616,113,22,110,5.3,95,3.7
459,07:39,194.9,169.6,220,81,81,50,61,15616,111,22,110,5.1,93,3.5
460,07:40,195,169.8,220,81,81,50,61,15616,109,22,120,5.1,92,3.4
461,07:41,195.2,170,220,81,81,50,61,15616,110,22,120,5.1,92,3.3
462,07:42,195.3,170.1,220,81,81,50,61,15616,110,22,120,5.1,92,3.4
463,07:43,195.4,170.3,220,81,81,50,61,15616,110,22,120,5.1,92,3.5
464,07:44,195.6,170.5,220,81,81,50,61,15616,111,22,120,5.3,95,3.8
465,07:45,195.8,170.7,220,81,81,50,61,15616,112,22,120,5.3,95,4
466,07:46,195.9,170.8,220,81,81,50,61,15616,112,22,120,5.3,96,4.3
467,07:47,196,171,220,81,81,50,61,15616,112,22,120,5.3,96,4.3
468,07:48,196.2,171.3,220,81,81,50,61,15616,112,22,120,5.3,96,4.4
469,07:49,196.3,171.4,220,81,81,50,61,15616,113,23,120,5.3,96,4.4
470,07:50,196.5,171.6,220,81,81,50,61,15616,114,23,120,5.3,96,4.4
471,07:51,196.6,171.8,220,81,81,50,61,15616,114,23,120,5.3,96,4.3
472,07:52,196.7,172,220,81,81,50,61,15616,114,23,120,5.3,96,4.3
473,07:53,196.9,172.1,220,81,81,50,61,15616,115,23,120,5.3,96,4.2
474,07:54,197,172.3,220,81,81,50,61,15616,116,23,120,5.3,96,4.2
475,07:55,197.2,172.5,220,81,81,50,61,15616,116,23,120,5.3,96,4.2
476,07:56,197.3,172.7,220,81,81,50,61,15616,116,23,120,5.3,96,4.2
477,07:57,197.4,172.8,220,81,81,50,61,15616,117,23,120,5.3,96,4.2
478,07:58,197.6,173,220,81,81,50,61,15616,118,23,120,5.3,96,4.2
479,07:59,197.7,173.2,220,81,81,50,61,15616,117,24,120,5.2,94,4.2
480,08:00,197.9,173.3,220,81,81,50,61,15616,118,24,120,5.1,92,4.3
481,08:01,198.1,173.5,220,81,81,50,61,15616,117,24,120,5.1,92,4.4
482,08:02,198.3,173.6,220,81,81,50,61,15616,118,24,120,5.1,92,4.6
483,08:03,198.4,173.8,220,81,81,50,61,15616,118,24,120,5,90,4.8
484,08:04,198.6,174,220,81,81,50,61,15616,119,24,120,5,91,4.9
485,08:05,198.7,174.1,220,81,81,50,61,15616,119,24,120,5.1,92,4.9
486,08:06,198.9,174.4,220,81,81,50,61,15616,119,24,120,5,90,4.8
487,08:07,199,174.6,220,81,81,50,61,15616,120,24,120,5,89,4.6
488,08:08,199.1,174.7,220,81,81,50,61,15616,120,24,120,5.1,92,4.5
489,08:09,199.3,174.9,220,81,81,50,61,15616,120,24,120,5,90,4.4
490,08:10,199.4,175.1,220,81,81,50,61,15616,119,24,120,5,89,4.4
491,08:11,199.6,175.2,220,81,81,50,61,15616,120,24,120,5.1,91,4.4
492,08:12,199.7,175.4,220,81,81,50,61,15616,121,24,120,5,89,4.4
493,08:13,199.8,175.6,220,81,81,50,61,15616,120,24,120,5,89,4.3
494,08:14,200,175.7,220,81,81,50,61,15616,120,24,120,5.1,92,4.3
495,08:15,200.1,175.9,220,81,81,50,61,15616,120,24,120,5,90,4.2
496,08:16,200.3,176,220,81,81,50,61,15616,120,24,120,5,90,4.2
497,08:17,200.4,176.2,220,81,81,50,61,15616,121,24,120,5.1,93,4.1
498,08:18,200.5,176.4,220,81,81,50,61,15616,120,24,120,5.1,92,4.1
499,08:19,200.6,176.5,220,81,81,50,61,15616,120,24,120,5.1,92,4
500,08:20,200.8,176.7,220,81,81,50,61,15616,119,24,120,5.2,94,3.9
501,08:21,200.9,176.9,220,81,81,50,61,15616,118,24,120,5.1,93,3.9
502,08:22,201.1,177.1,220,81,81,50,61,15616,119,24,120,5.1,92,3.9
503,08:23,201.2,177.2,220,81,81,50,61,15616,119,24,120,5.1,92,4
504,08:24,201.3,177.5,220,81,81,50,61,15616,120,24,120,5.1,93,4
505,08:25,201.4,177.6,220,81,81,50,61,15616,120,24,120,5.1,91,4
506,08:26,201.6,177.8,220,81,81,50,61,15616,121,24,120,5.1,92,4
507,08:27,201.7,177.9,220,81,81,50,61,15616,122,24,120,5.1,91,4
508,08:28,201.8,178.1,220,81,81,50,61,15616,121,24,120,5,89,3.9
509,08:29,202,178.3,220,81,81,50,61,15616,120,24,120,4.9,88,3.9
510,08:30,202.1,178.4,220,81,81,50,61,15616,119,24,120,4.9,89,3.8
511,08:31,202.2,178.6,220,81,81,50,61,15616,119,24,120,4.9,88,3.7
512,08:32,202.3,178.7,220,81,81,50,61,15616,121,24,120,4.8,87,3.6
513,08:33,202.4,178.9,220,81,81,50,61,15616,119,24,120,4.9,88,3.5
514,08:34,202.5,179.1,220,81,81,50,61,15616,119,24,120,4.8,87,3.4
515,08:35,202.6,179.2,220,81,81,50,61,15616,120,24,120,4.9,88,3.3
516,08:36,202.7,179.4,220,81,81,50,61,15616,121,24,120,4.8,87,3.3
517,08:37,202.9,179.6,220,81,81,50,61,15616,121,24,120,4.9,89,3.3
518,08:38,202.9,179.7,220,81,81,50,61,15616,120,24,120,4.8,87,3.3
519,08:39,203.1,179.9,220,81,81,50,61,15616,119,24,120,5,89,3.4
520,08:40,203.1,179.9,220,81,81,50,61,15616,119,24,120,5,89,3.4
521,08:41,203.2,180.1,220,81,81,50,61,15616,120,24,120,5,91,3.4
522,08:42,203.3,180.3,220,81,81,50,61,15616,120,24,120,5.1,93,3.4
523,08:43,203.4,180.5,220,81,81,50,61,15616,120,24,120,5,90,3.4
524,08:44,203.6,180.6,220,81,81,50,61,15616,121,24,120,5.2,93,3.5
525,08:45,203.7,180.8,220,81,81,50,61,15616,121,24,120,5.2,93,3.6
526,08:46,203.8,181,220,81,81,50,61,15616,120,24,120,5,90,3.8
527,08:47,204,181.1,220,81,81,50,61,15616,120,24,120,5,90,4
528,08:48,204.2,181.3,220,81,81,50,61,15616,119,24,120,5,90,4.2
529,08:49,204.3,181.4,220,81,81,50,61,15616,120,24,120,5,90,4.4
530,08:50,204.5,181.6,220,81,81,50,61,15616,120,24,120,4.9,89,4.5
531,08:51,204.6,181.8,220,81,81,50,61,15616,120,24,120,5,90,4.6
532,08:52,204.8,182,220,81,81,50,61,15616,120,24,120,5.2,93,4.6
533,08:53,204.9,182.2,220,81,81,50,61,15616,120,24,120,5.2,94,4.6
534,08:54,205.1,182.3,220,81,81,50,61,15616,120,24,120,5.3,95,4.7
535,08:55,205.3,182.5,220,81,81,50,61,15616,120,24,120,5.4,97,4.7
536,08:56,205.5,182.7,220,81,81,50,61,15616,119,24,120,5.4,97,5
537,08:57,205.6,182.9,220,81,81,50,61,15616,117,24,120,5.4,97,5.1
538,08:58,205.8,183,220,81,81,50,61,15616,118,25,120,5.4,97,5.3
539,08:59,206,183.3,220,81,81,50,61,15616,118,25,120,5.4,97,5.3
540,09:00,206.2,183.5,220,81,81,50,61,15616,118,25,120,5.4,97,5.4
541,09:01,206.3,183.6,220,81,81,50,61,15616,118,25,120,5.4,97,5.3
542,09:02,206.5,183.8,220,71,71,50,61,15616,119,25,120,5.4,97,5.3
543,09:03,206.7,184,220,71,71,50,61,15616,120,25,120,5.4,97,5.3
544,09:04,206.9,184.2,220,71,71,50,61,15616,120,25,120,5.4,97,5.3
545,09:05,207.1,184.3,220,71,71,50,61,15616,120,25,120,5.3,95,5.3
546,09:06,207.2,184.5,220,71,71,50,61,15616,121,25,120,5.2,93,5.3
547,09:07,207.4,184.7,220,71,71,50,61,15616,119,25,120,5.2,94,5.3
548,09:08,207.6,184.9,220,71,71,50,61,15616,119,25,120,5.2,93,5.2
549,09:09,207.7,185.1,220,71,71,50,61,15616,119,25,120,5.4,97,5.1
550,09:10,207.9,185.2,220,71,71,50,61,15616,120,25,120,5.5,99,5
551,09:11,208,185.4,220,71,71,50,61,15616,121,25,120,5.6,101,4.8
552,09:12,208.2,185.6,220,71,71,50,61,15616,120,25,120,5.7,103,4.7
553,09:13,208.3,185.8,220,71,71,50,61,15616,119,25,120,5.7,103,4.6
554,09:14,208.4,186,220,71,71,50,61,15616,119,25,120,5.7,103,4.5
555,09:15,208.6,186.2,220,71,71,50,61,15616,121,25,120,5.7,103,4.5
556,09:16,208.8,186.4,220,71,71,50,61,15616,121,25,120,5.7,102,4.6
557,09:17,208.9,186.5,220,71,71,50,61,15616,120,25,120,5.5,100,4.6
558,09:18,209.1,186.7,220,71,71,50,61,15616,120,25,120,5.7,102,4.6
559,09:19,209.2,187,220,71,71,50,61,15616,122,25,120,5.5,100,4.6
560,09:20,209.3,187.2,220,71,71,50,61,15616,120,25,120,5.5,100,4.4
561,09:21,209.5,187.3,220,71,71,50,61,15616,120,25,120,5.5,100,4.3
562,09:22,209.6,187.5,220,71,71,50,61,15616,120,25,120,5.5,100,4.2
563,09:23,209.7,187.7,220,71,71,50,61,15616,120,25,120,5.4,97,4.1
564,09:24,209.9,187.9,220,71,71,50,61,15616,118,25,120,5.4,97,4.1
565,09:25,210,188.1,220,71,71,50,61,15616,119,25,120,5.4,97,4.1
566,09:26,210.2,188.2,220,71,71,50,61,15616,119,25,120,5.5,99,4.1
567,09:27,210.3,188.4,230,71,71,50,61,15616,120,25,120,5.5,100,4.1
568,09:28,210.5,188.6,230,71,71,50,61,15616,120,25,120,5.6,100,4.2
569,09:29,210.6,188.8,230,71,71,50,61,15616,120,25,120,5.6,100,4.2
570,09:30,210.7,189,230,71,71,50,61,15616,119,25,120,5.5,100,4.2
571,09:31,210.8,189.2,230,71,71,50,61,15616,121,25,120,5.5,100,4.1
572,09:32,211,189.3,230,71,71,50,61,15616,121,25,120,5.6,100,4.1
573,09:33,211.1,189.5,230,71,71,50,61,15616,120,25,120,5.5,100,4
574,09:34,211.3,189.7,230,71,71,50,61,15616,120,25,130,5.5,100,4
575,09:35,211.4,189.9,230,71,71,50,61,15616,119,25,130,5.6,100,4.2
576,09:36,211.6,190,230,71,71,50,61,15616,119,25,130,5.4,97,4.3
577,09:37,211.7,190.2,230,71,71,50,61,15616,121,25,130,5.4,97,4.4
578,09:38,211.9,190.5,230,71,71,50,61,15616,122,25,130,5.4,96,4.4
579,09:39,212,190.7,230,71,71,50,61,15616,121,25,130,5.5,99,4.3
580,09:40,212.1,190.9,230,71,71,50,61,15616,121,26,130,5.5,99,4.2
581,09:41,212.2,191,230,71,71,50,61,15616,121,26,130,5.6,101,3.9
582,09:42,212.3,191.2,230,71,71,50,61,15616,121,26,130,5.7,102,3.7
583,09:43,212.4,191.4,230,71,71,50,61,15616,123,26,130,5.8,104,3.4
584,09:44,212.5,191.6,230,71,71,50,61,15616,122,26,130,5.7,102,3.3
585,09:45,212.6,191.8,230,71,71,50,61,15616,123,26,130,5.7,103,3.1
586,09:46,212.7,192,230,71,71,50,61,15616,124,26,130,5.7,103,3.1
587,09:47,212.8,192.2,230,71,71,50,61,15616,125,26,130,5.7,103,3.1
588,09:48,212.9,192.4,230,71,71,50,61,15616,125,26,130,5.7,103,3.1
589,09:49,213,192.6,230,71,71,50,61,15616,125,26,130,5.8,104,3.1
590,09:50,213.1,192.7,230,71,71,50,61,15616,126,27,130,5.8,104,3.1
591,09:51,213.2,192.9,230,71,71,50,61,15616,127,27,130,5.7,102,3
592,09:52,213.3,193.1,230,71,71,50,61,15616,128,27,130,5.6,101,3.1
593,09:53,213.5,193.3,230,71,71,50,61,15616,126,27,130,5.6,100,3.1
594,09:54,213.5,193.5,230,71,71,50,61,15616,127,27,130,5.5,100,3.2
595,09:55,213.7,193.7,230,71,71,50,61,15616,128,27,130,5.5,99,3.3
596,09:56,213.8,193.9,230,71,71,50,61,15616,128,27,130,5.5,99,3.3
597,09:57,213.9,194.1,230,71,71,50,61,15616,129,27,130,5.6,100,3.3
598,09:58,214,194.3,230,71,71,50,61,15616,129,27,130,5.6,101,3.2
599,09:59,214.1,194.4,230,71,71,50,61,15616,128,27,130,5.5,99,3.3
600,10:00,214.2,194.6,230,71,71,50,61,15616,129,28,130,5.5,99,3.3
601,10:01,214.3,194.8,230,61,61,50,61,15616,128,28,130,5.5,99,3.4
602,10:02,214.5,195,230,61,61,50,61,15616,130,28,130,5.4,97,3.5
603,10:03,214.6,195.1,230,61,61,50,61,15616,131,28,130,5.3,95,3.6
604,10:04,214.7,195.3,230,61,61,50,61,15616,131,28,130,5.3,96,3.6
605,10:05,214.8,195.5,230,61,61,50,61,15616,131,28,130,5.3,96,3.7
606,10:06,215,195.7,230,61,61,50,61,15616,131,27,130,5.5,99,3.7
607,10:07,215.1,195.9,230,61,61,50,61,15616,130,27,130,5.5,99,3.7
608,10:08,215.2,196,230,61,61,50,61,15616,129,27,130,5.5,99,3.6
609,10:09,215.3,196.2,230,61,61,50,61,15616,128,28,130,5.5,99,3.5
610,10:10,215.4,196.4,230,61,61,50,61,15616,129,28,130,5.6,101,3.5
611,10:11,215.6,196.6,230,61,61,50,61,15616,129,28,130,5.5,99,3.5
612,10:12,215.7,196.8,230,61,61,50,61,15616,131,28,130,5.5,99,3.6
613,10:13,215.8,197,230,61,61,50,61,15616,130,28,130,5.6,102,3.7
614,10:14,215.9,197.2,230,61,61,50,61,15616,131,28,130,5.7,102,3.7
615,10:15,216,197.4,230,61,61,50,61,15616,131,28,130,5.6,101,3.6
616,10:16,216.1,197.6,230,61,61,50,61,15616,130,28,130,5.7,102,3.4
617,10:17,216.2,197.8,230,61,61,50,61,15616,130,28,130,5.7,102,3.3
618,10:18,216.3,197.9,230,61,61,50,61,15616,129,28,130,5.5,99,3.3
619,10:19,216.4,198.1,230,61,61,50,61,15616,129,28,130,5.5,99,3.3
620,10:20,216.5,198.3,230,61,61,50,61,15616,129,28,130,5.4,97,3.3
621,10:21,216.7,198.5,230,61,61,50,61,15616,130,28,130,5.3,96,3.3
622,10:22,216.7,198.7,230,61,61,50,61,15616,130,28,130,5.4,98,3.2
623,10:23,216.8,198.9,230,61,61,50,61,15616,130,28,130,5.5,99,3.1
624,10:24,216.9,199,250,61,61,50,61,15616,131,28,130,5.5,99,3
625,10:25,217,199.2,250,61,61,50,61,15616,131,28,130,5.5,99,2.9
626,10:26,217,199.2,250,61,61,50,61,15616,131,28,130,5.5,99,2.9
627,10:27,217.1,199.4,250,61,61,50,61,15616,130,28,130,5.5,99,2.8
628,10:28,217.2,199.6,250,61,61,50,61,15616,130,28,130,5.4,97,2.8
629,10:29,217.3,199.8,250,61,61,50,61,15616,130,28,130,5.5,99,2.8
630,10:30,217.4,200,250,61,61,50,61,15616,130,28,130,5.5,99,2.8
631,10:31,217.5,200.2,250,61,61,50,61,15616,131,28,140,5.5,99,2.7
632,10:32,217.5,200.3,250,51,51,50,61,15616,128,28,140,5.5,99,2.6
633,10:33,217.6,200.5,250,51,51,50,61,15616,130,28,140,5.5,99,2.5
634,10:34,217.7,200.7,250,51,51,50,61,15616,131,28,140,5.3,96,2.4
635,10:35,217.8,200.8,250,51,51,50,61,15616,131,28,140,5.4,96,2.4
636,10:36,217.8,201,250,51,51,50,61,15616,131,28,140,5.3,96,2.4
637,10:37,217.9,201.2,250,51,51,50,61,15616,130,28,140,5.2,93,2.4
638,10:38,218,201.4,250,51,51,50,61,15616,131,28,140,5.2,93,2.3
639,10:39,218.1,201.5,250,51,51,50,61,15616,131,28,140,5.1,92,2.3
640,10:40,218.1,201.7,250,51,51,50,61,15616,133,29,140,4.9,88,2.2
641,10:41,218.2,201.8,250,51,51,50,61,15616,133,29,140,5,90,2.3
642,10:42,218.3,202,250,51,51,50,61,15616,132,29,140,4.8,87,2.3
643,10:43,218.4,202.2,250,51,51,50,61,15616,134,29,140,4.8,86,2.3
644,10:44,218.5,202.3,250,51,51,50,61,15616,135,29,140,4.8,86,2.3
645,10:45,218.6,202.5,250,51,51,50,61,15616,134,29,140,4.8,87,2.4
646,10:46,218.7,202.6,250,51,51,50,61,15616,135,29,140,4.8,86,2.5
647,10:47,218.8,202.8,250,51,51,50,61,15616,136,29,140,4.8,87,2.6
648,10:48,218.9,202.9,250,51,51,50,61,15616,136,29,140,4.8,87,2.7
649,10:49,218.9,203.2,250,51,51,50,61,15616,136,30,140,4.8,87,2.8
650,10:50,219.1,203.3,250,51,51,50,61,15616,136,30,140,4.8,87,2.9
651,10:51,219.1,203.5,250,51,51,50,61,15616,137,30,140,4.8,86,2.9
652,10:52,219.2,203.6,250,51,51,50,61,15616,137,30,140,4.8,86,2.9
653,10:53,219.4,203.8,250,51,51,50,61,15616,137,30,140,4.8,87,2.9
654,10:54,219.4,204,250,51,51,50,61,15616,137,30,140,4.7,85,3
655,10:55,219.6,204.1,250,51,51,50,61,15616,138,30,140,4.8,86,3
656,10:56,219.7,204.2,250,51,51,50,61,15616,139,30,140,4.8,87,3
657,10:57,219.8,204.4,250,51,51,50,61,15616,139,30,140,4.7,85,3.1
658,10:58,219.9,204.5,250,51,51,50,61,15616,139,30,140,4.7,84,3.1
659,10:59,219.9,204.7,250,51,51,50,61,15616,140,30,140,4.7,84,3.1
660,11:00,220.1,204.8,250,51,51,50,61,15616,140,30,140,4.5,82,3
661,11:01,220.2,205,250,51,51,50,61,15616,141,30,140,4.5,81,3
662,11:02,220.3,205.1,250,51,51,50,61,15616,141,30,140,4.5,81,3
663,11:03,220.4,205.3,250,51,51,50,61,15616,139,30,140,4.4,79,3
664,11:04,220.5,205.4,250,51,51,50,61,15616,140,30,140,4.4,80,3.1
665,11:05,220.6,205.6,250,51,51,50,61,15616,141,30,140,4.4,78,3.3
666,11:06,220.7,205.7,250,51,51,50,61,15616,141,30,140,4.4,78,3.4
667,11:07,220.8,205.9,250,51,51,50,61,15616,140,30,140,4.4,79,3.4
668,11:08,221,206.1,250,51,51,50,61,15616,140,30,140,4.4,79,3.5
669,11:09,221,206.2,250,51,51,50,61,15616,140,30,140,4.5,80,3.4
670,11:10,221.2,206.4,250,51,51,50,61,15616,140,30,140,4.5,82,3.3
671,11:11,221.3,206.5,250,51,51,50,61,15616,140,30,140,4.5,82,3.2
672,11:12,221.4,206.7,250,51,51,50,61,15616,140,30,140,4.5,82,3.2
673,11:13,221.5,206.8,250,51,51,50,61,15616,140,30,140,4.6,83,3.2
674,11:14,221.6,207,250,51,51,50,61,15616,140,30,140,4.5,82,3.3
675,11:15,221.7,207.1,250,51,51,50,61,15616,139,30,140,4.6,82,3.3
676,11:16,221.8,207.3,250,51,51,50,61,15616,140,30,140,4.6,83,3.3
677,11:17,221.9,207.4,250,51,51,50,61,15616,141,19,140,4.7,84,3.3
678,11:18,222.1,207.6,250,51,51,50,61,15616,133,19,140,4.7,84,3.4
